-- phpMyAdmin SQL Dump
-- version 4.1.14
-- http://www.phpmyadmin.net
--
-- Client :  127.0.0.1
-- Généré le :  Mar 16 Décembre 2014 à 16:20
-- Version du serveur :  5.6.17
-- Version de PHP :  5.5.12

SET SQL_MODE = "NO_AUTO_VALUE_ON_ZERO";
SET time_zone = "+00:00";


/*!40101 SET @OLD_CHARACTER_SET_CLIENT=@@CHARACTER_SET_CLIENT */;
/*!40101 SET @OLD_CHARACTER_SET_RESULTS=@@CHARACTER_SET_RESULTS */;
/*!40101 SET @OLD_COLLATION_CONNECTION=@@COLLATION_CONNECTION */;
/*!40101 SET NAMES utf8 */;

--
-- Base de données :  `llama`
--

-- --------------------------------------------------------

--
-- Structure de la table `bill`
--

CREATE TABLE IF NOT EXISTS `bill` (
  `id` bigint(20) NOT NULL AUTO_INCREMENT,
  `user_id` bigint(20) DEFAULT NULL,
  `user_login` varchar(255) DEFAULT NULL,
  `shipment_address` varchar(255) DEFAULT NULL,
  `buyer_name` varchar(255) DEFAULT NULL,
  `date` datetime DEFAULT NULL,
  `total` float DEFAULT NULL,
  PRIMARY KEY (`id`)
) ENGINE=InnoDB DEFAULT CHARSET=latin1 AUTO_INCREMENT=1 ;

-- --------------------------------------------------------

--
-- Structure de la table `bill_bill_line`
--

CREATE TABLE IF NOT EXISTS `bill_bill_line` (
  `bill_id` bigint(20) NOT NULL,
  `bill_line_id` bigint(20) NOT NULL,
  PRIMARY KEY (`bill_id`,`bill_line_id`),
  KEY `fk_bill_bill_line_bill_line_02` (`bill_line_id`)
) ENGINE=InnoDB DEFAULT CHARSET=latin1;

-- --------------------------------------------------------

--
-- Structure de la table `bill_line`
--

CREATE TABLE IF NOT EXISTS `bill_line` (
  `id` bigint(20) NOT NULL AUTO_INCREMENT,
  `product_id` bigint(20) DEFAULT NULL,
  `product_name` varchar(255) DEFAULT NULL,
  `quantity` int(11) DEFAULT NULL,
  `product_price` float DEFAULT NULL,
  `bill_id` bigint(20) DEFAULT NULL,
  PRIMARY KEY (`id`)
) ENGINE=InnoDB DEFAULT CHARSET=latin1 AUTO_INCREMENT=1 ;

-- --------------------------------------------------------

--
-- Structure de la table `comment`
--

CREATE TABLE IF NOT EXISTS `comment` (
  `id` bigint(20) NOT NULL AUTO_INCREMENT,
  `user_id` bigint(20) DEFAULT NULL,
  `user_login` varchar(255) DEFAULT NULL,
  `text` varchar(255) DEFAULT NULL,
  `rating` float DEFAULT NULL,
  `date` datetime DEFAULT NULL,
  `product_id` bigint(20) DEFAULT NULL,
  PRIMARY KEY (`id`),
  KEY `ix_comment_product_1` (`product_id`)
) ENGINE=InnoDB DEFAULT CHARSET=latin1 AUTO_INCREMENT=1 ;

-- --------------------------------------------------------

--
-- Structure de la table `jbpm4_deployment`
--

CREATE TABLE IF NOT EXISTS `jbpm4_deployment` (
  `DBID_` bigint(20) NOT NULL,
  `NAME_` longtext,
  `TIMESTAMP_` bigint(20) DEFAULT NULL,
  `STATE_` varchar(255) DEFAULT NULL,
  PRIMARY KEY (`DBID_`)
) ENGINE=InnoDB DEFAULT CHARSET=latin1;

--
-- Contenu de la table `jbpm4_deployment`
--

INSERT INTO `jbpm4_deployment` (`DBID_`, `NAME_`, `TIMESTAMP_`, `STATE_`) VALUES
(260012, NULL, 0, 'active');

-- --------------------------------------------------------

--
-- Structure de la table `jbpm4_deployprop`
--

CREATE TABLE IF NOT EXISTS `jbpm4_deployprop` (
  `DBID_` bigint(20) NOT NULL,
  `DEPLOYMENT_` bigint(20) DEFAULT NULL,
  `OBJNAME_` varchar(255) DEFAULT NULL,
  `KEY_` varchar(255) DEFAULT NULL,
  `STRINGVAL_` varchar(255) DEFAULT NULL,
  `LONGVAL_` bigint(20) DEFAULT NULL,
  PRIMARY KEY (`DBID_`),
  KEY `FK_DEPLPROP_DEPL` (`DEPLOYMENT_`)
) ENGINE=InnoDB DEFAULT CHARSET=latin1;

--
-- Contenu de la table `jbpm4_deployprop`
--

INSERT INTO `jbpm4_deployprop` (`DBID_`, `DEPLOYMENT_`, `OBJNAME_`, `KEY_`, `STRINGVAL_`, `LONGVAL_`) VALUES
(260015, 260012, 'llama_shipment', 'langid', 'jpdl-4.4', NULL),
(260016, 260012, 'llama_shipment', 'pdid', 'llama_shipment-1', NULL),
(260017, 260012, 'llama_shipment', 'pdkey', 'llama_shipment', NULL),
(260018, 260012, 'llama_shipment', 'pdversion', NULL, 1);

-- --------------------------------------------------------

--
-- Structure de la table `jbpm4_execution`
--

CREATE TABLE IF NOT EXISTS `jbpm4_execution` (
  `DBID_` bigint(20) NOT NULL,
  `CLASS_` varchar(255) NOT NULL,
  `DBVERSION_` int(11) NOT NULL,
  `ACTIVITYNAME_` varchar(255) DEFAULT NULL,
  `PROCDEFID_` varchar(255) DEFAULT NULL,
  `HASVARS_` bit(1) DEFAULT NULL,
  `NAME_` varchar(255) DEFAULT NULL,
  `KEY_` varchar(255) DEFAULT NULL,
  `ID_` varchar(255) DEFAULT NULL,
  `STATE_` varchar(255) DEFAULT NULL,
  `SUSPHISTSTATE_` varchar(255) DEFAULT NULL,
  `PRIORITY_` int(11) DEFAULT NULL,
  `HISACTINST_` bigint(20) DEFAULT NULL,
  `PARENT_` bigint(20) DEFAULT NULL,
  `INSTANCE_` bigint(20) DEFAULT NULL,
  `SUPEREXEC_` bigint(20) DEFAULT NULL,
  `SUBPROCINST_` bigint(20) DEFAULT NULL,
  `PARENT_IDX_` int(11) DEFAULT NULL,
  PRIMARY KEY (`DBID_`),
  UNIQUE KEY `ID_` (`ID_`),
  KEY `FK_EXEC_INSTANCE` (`INSTANCE_`),
  KEY `FK_EXEC_PARENT` (`PARENT_`),
  KEY `FK_EXEC_SUBPI` (`SUBPROCINST_`),
  KEY `FK_EXEC_SUPEREXEC` (`SUPEREXEC_`)
) ENGINE=InnoDB DEFAULT CHARSET=latin1;

--
-- Contenu de la table `jbpm4_execution`
--

INSERT INTO `jbpm4_execution` (`DBID_`, `CLASS_`, `DBVERSION_`, `ACTIVITYNAME_`, `PROCDEFID_`, `HASVARS_`, `NAME_`, `KEY_`, `ID_`, `STATE_`, `SUSPHISTSTATE_`, `PRIORITY_`, `HISACTINST_`, `PARENT_`, `INSTANCE_`, `SUPEREXEC_`, `SUBPROCINST_`, `PARENT_IDX_`) VALUES
(260019, 'pvm', 5, 'ship llama to distribution center', 'llama_shipment-1', b'1', NULL, NULL, 'llama_shipment.260019', 'active-root', NULL, 0, 260027, NULL, 260019, NULL, NULL, NULL),
(270001, 'pvm', 3, 'select llama from farm', 'llama_shipment-1', b'1', NULL, NULL, 'llama_shipment.270001', 'active-root', NULL, 0, 270006, NULL, 270001, NULL, NULL, NULL);

-- --------------------------------------------------------

--
-- Structure de la table `jbpm4_hist_actinst`
--

CREATE TABLE IF NOT EXISTS `jbpm4_hist_actinst` (
  `DBID_` bigint(20) NOT NULL,
  `CLASS_` varchar(255) NOT NULL,
  `DBVERSION_` int(11) NOT NULL,
  `HPROCI_` bigint(20) DEFAULT NULL,
  `TYPE_` varchar(255) DEFAULT NULL,
  `EXECUTION_` varchar(255) DEFAULT NULL,
  `ACTIVITY_NAME_` varchar(255) DEFAULT NULL,
  `START_` datetime DEFAULT NULL,
  `END_` datetime DEFAULT NULL,
  `DURATION_` bigint(20) DEFAULT NULL,
  `TRANSITION_` varchar(255) DEFAULT NULL,
  `NEXTIDX_` int(11) DEFAULT NULL,
  `HTASK_` bigint(20) DEFAULT NULL,
  PRIMARY KEY (`DBID_`),
  KEY `FK_HACTI_HPROCI` (`HPROCI_`),
  KEY `FK_HTI_HTASK` (`HTASK_`)
) ENGINE=InnoDB DEFAULT CHARSET=latin1;

--
-- Contenu de la table `jbpm4_hist_actinst`
--

INSERT INTO `jbpm4_hist_actinst` (`DBID_`, `CLASS_`, `DBVERSION_`, `HPROCI_`, `TYPE_`, `EXECUTION_`, `ACTIVITY_NAME_`, `START_`, `END_`, `DURATION_`, `TRANSITION_`, `NEXTIDX_`, `HTASK_`) VALUES
(260021, 'task', 1, 260019, 'task', 'llama_shipment.260019', 'generate order', '2014-12-11 14:33:19', '2014-12-11 14:34:31', 72475, 'jbpm_no_task_outcome_specified_jbpm', 1, 260020),
(260024, 'task', 1, 260019, 'task', 'llama_shipment.260019', 'select llama from farm', '2014-12-11 14:34:31', '2014-12-11 14:35:28', 57762, 'jbpm_no_task_outcome_specified_jbpm', 1, 260023),
(260027, 'task', 0, 260019, 'task', 'llama_shipment.260019', 'ship llama to distribution center', '2014-12-11 14:35:28', NULL, 0, NULL, 1, 260026),
(270003, 'task', 1, 270001, 'task', 'llama_shipment.270001', 'generate order', '2014-12-11 15:50:58', '2014-12-11 15:52:18', 80821, 'jbpm_no_task_outcome_specified_jbpm', 1, 270002),
(270006, 'task', 0, 270001, 'task', 'llama_shipment.270001', 'select llama from farm', '2014-12-11 15:52:18', NULL, 0, NULL, 1, 270005);

-- --------------------------------------------------------

--
-- Structure de la table `jbpm4_hist_detail`
--

CREATE TABLE IF NOT EXISTS `jbpm4_hist_detail` (
  `DBID_` bigint(20) NOT NULL,
  `CLASS_` varchar(255) NOT NULL,
  `DBVERSION_` int(11) NOT NULL,
  `USERID_` varchar(255) DEFAULT NULL,
  `TIME_` datetime DEFAULT NULL,
  `HPROCI_` bigint(20) DEFAULT NULL,
  `HPROCIIDX_` int(11) DEFAULT NULL,
  `HACTI_` bigint(20) DEFAULT NULL,
  `HACTIIDX_` int(11) DEFAULT NULL,
  `HTASK_` bigint(20) DEFAULT NULL,
  `HTASKIDX_` int(11) DEFAULT NULL,
  `HVAR_` bigint(20) DEFAULT NULL,
  `HVARIDX_` int(11) DEFAULT NULL,
  `MESSAGE_` longtext,
  `OLD_STR_` varchar(255) DEFAULT NULL,
  `NEW_STR_` varchar(255) DEFAULT NULL,
  `OLD_INT_` int(11) DEFAULT NULL,
  `NEW_INT_` int(11) DEFAULT NULL,
  `OLD_TIME_` datetime DEFAULT NULL,
  `NEW_TIME_` datetime DEFAULT NULL,
  `PARENT_` bigint(20) DEFAULT NULL,
  `PARENT_IDX_` int(11) DEFAULT NULL,
  PRIMARY KEY (`DBID_`),
  KEY `FK_HDETAIL_HVAR` (`HVAR_`),
  KEY `FK_HDETAIL_HPROCI` (`HPROCI_`),
  KEY `FK_HDETAIL_HTASK` (`HTASK_`),
  KEY `FK_HDETAIL_HACTI` (`HACTI_`)
) ENGINE=InnoDB DEFAULT CHARSET=latin1;

-- --------------------------------------------------------

--
-- Structure de la table `jbpm4_hist_procinst`
--

CREATE TABLE IF NOT EXISTS `jbpm4_hist_procinst` (
  `DBID_` bigint(20) NOT NULL,
  `DBVERSION_` int(11) NOT NULL,
  `ID_` varchar(255) DEFAULT NULL,
  `PROCDEFID_` varchar(255) DEFAULT NULL,
  `KEY_` varchar(255) DEFAULT NULL,
  `START_` datetime DEFAULT NULL,
  `END_` datetime DEFAULT NULL,
  `DURATION_` bigint(20) DEFAULT NULL,
  `STATE_` varchar(255) DEFAULT NULL,
  `ENDACTIVITY_` varchar(255) DEFAULT NULL,
  `NEXTIDX_` int(11) DEFAULT NULL,
  PRIMARY KEY (`DBID_`)
) ENGINE=InnoDB DEFAULT CHARSET=latin1;

--
-- Contenu de la table `jbpm4_hist_procinst`
--

INSERT INTO `jbpm4_hist_procinst` (`DBID_`, `DBVERSION_`, `ID_`, `PROCDEFID_`, `KEY_`, `START_`, `END_`, `DURATION_`, `STATE_`, `ENDACTIVITY_`, `NEXTIDX_`) VALUES
(260019, 0, 'llama_shipment.260019', 'llama_shipment-1', NULL, '2014-12-11 14:33:19', NULL, NULL, 'active', NULL, 1),
(270001, 0, 'llama_shipment.270001', 'llama_shipment-1', NULL, '2014-12-11 15:50:58', NULL, NULL, 'active', NULL, 1);

-- --------------------------------------------------------

--
-- Structure de la table `jbpm4_hist_task`
--

CREATE TABLE IF NOT EXISTS `jbpm4_hist_task` (
  `DBID_` bigint(20) NOT NULL,
  `DBVERSION_` int(11) NOT NULL,
  `EXECUTION_` varchar(255) DEFAULT NULL,
  `OUTCOME_` varchar(255) DEFAULT NULL,
  `ASSIGNEE_` varchar(255) DEFAULT NULL,
  `PRIORITY_` int(11) DEFAULT NULL,
  `STATE_` varchar(255) DEFAULT NULL,
  `CREATE_` datetime DEFAULT NULL,
  `END_` datetime DEFAULT NULL,
  `DURATION_` bigint(20) DEFAULT NULL,
  `NEXTIDX_` int(11) DEFAULT NULL,
  `SUPERTASK_` bigint(20) DEFAULT NULL,
  PRIMARY KEY (`DBID_`),
  KEY `FK_HSUPERT_SUB` (`SUPERTASK_`)
) ENGINE=InnoDB DEFAULT CHARSET=latin1;

--
-- Contenu de la table `jbpm4_hist_task`
--

INSERT INTO `jbpm4_hist_task` (`DBID_`, `DBVERSION_`, `EXECUTION_`, `OUTCOME_`, `ASSIGNEE_`, `PRIORITY_`, `STATE_`, `CREATE_`, `END_`, `DURATION_`, `NEXTIDX_`, `SUPERTASK_`) VALUES
(260020, 1, 'llama_shipment.260019', 'jbpm_no_task_outcome_specified_jbpm', 'order manager', 0, 'completed', '2014-12-11 14:33:19', '2014-12-11 14:34:31', 72490, 1, NULL),
(260023, 1, 'llama_shipment.260019', 'jbpm_no_task_outcome_specified_jbpm', 'llama selector 1', 0, 'completed', '2014-12-11 14:34:31', '2014-12-11 14:35:28', 57777, 1, NULL),
(260026, 0, 'llama_shipment.260019', NULL, 'driver 1', 0, NULL, '2014-12-11 14:35:28', NULL, 0, 1, NULL),
(270002, 1, 'llama_shipment.270001', 'jbpm_no_task_outcome_specified_jbpm', 'order manager', 0, 'completed', '2014-12-11 15:50:58', '2014-12-11 15:52:18', 80836, 1, NULL),
(270005, 0, 'llama_shipment.270001', NULL, 'llama selector 1', 0, NULL, '2014-12-11 15:52:18', NULL, 0, 1, NULL);

-- --------------------------------------------------------

--
-- Structure de la table `jbpm4_hist_var`
--

CREATE TABLE IF NOT EXISTS `jbpm4_hist_var` (
  `DBID_` bigint(20) NOT NULL,
  `DBVERSION_` int(11) NOT NULL,
  `PROCINSTID_` varchar(255) DEFAULT NULL,
  `EXECUTIONID_` varchar(255) DEFAULT NULL,
  `VARNAME_` varchar(255) DEFAULT NULL,
  `VALUE_` varchar(255) DEFAULT NULL,
  `HPROCI_` bigint(20) DEFAULT NULL,
  `HTASK_` bigint(20) DEFAULT NULL,
  PRIMARY KEY (`DBID_`),
  KEY `FK_HVAR_HPROCI` (`HPROCI_`),
  KEY `FK_HVAR_HTASK` (`HTASK_`)
) ENGINE=InnoDB DEFAULT CHARSET=latin1;

-- --------------------------------------------------------

--
-- Structure de la table `jbpm4_id_group`
--

CREATE TABLE IF NOT EXISTS `jbpm4_id_group` (
  `DBID_` bigint(20) NOT NULL,
  `DBVERSION_` int(11) NOT NULL,
  `ID_` varchar(255) DEFAULT NULL,
  `NAME_` varchar(255) DEFAULT NULL,
  `TYPE_` varchar(255) DEFAULT NULL,
  `PARENT_` bigint(20) DEFAULT NULL,
  PRIMARY KEY (`DBID_`),
  KEY `FK_GROUP_PARENT` (`PARENT_`)
) ENGINE=InnoDB DEFAULT CHARSET=latin1;

-- --------------------------------------------------------

--
-- Structure de la table `jbpm4_id_membership`
--

CREATE TABLE IF NOT EXISTS `jbpm4_id_membership` (
  `DBID_` bigint(20) NOT NULL,
  `DBVERSION_` int(11) NOT NULL,
  `USER_` bigint(20) DEFAULT NULL,
  `GROUP_` bigint(20) DEFAULT NULL,
  `NAME_` varchar(255) DEFAULT NULL,
  PRIMARY KEY (`DBID_`),
  KEY `FK_MEM_USER` (`USER_`),
  KEY `FK_MEM_GROUP` (`GROUP_`)
) ENGINE=InnoDB DEFAULT CHARSET=latin1;

-- --------------------------------------------------------

--
-- Structure de la table `jbpm4_id_user`
--

CREATE TABLE IF NOT EXISTS `jbpm4_id_user` (
  `DBID_` bigint(20) NOT NULL,
  `DBVERSION_` int(11) NOT NULL,
  `ID_` varchar(255) DEFAULT NULL,
  `PASSWORD_` varchar(255) DEFAULT NULL,
  `GIVENNAME_` varchar(255) DEFAULT NULL,
  `FAMILYNAME_` varchar(255) DEFAULT NULL,
  `BUSINESSEMAIL_` varchar(255) DEFAULT NULL,
  PRIMARY KEY (`DBID_`)
) ENGINE=InnoDB DEFAULT CHARSET=latin1;

-- --------------------------------------------------------

--
-- Structure de la table `jbpm4_job`
--

CREATE TABLE IF NOT EXISTS `jbpm4_job` (
  `DBID_` bigint(20) NOT NULL,
  `CLASS_` varchar(255) NOT NULL,
  `DBVERSION_` int(11) NOT NULL,
  `DUEDATE_` datetime DEFAULT NULL,
  `STATE_` varchar(255) DEFAULT NULL,
  `ISEXCLUSIVE_` bit(1) DEFAULT NULL,
  `LOCKOWNER_` varchar(255) DEFAULT NULL,
  `LOCKEXPTIME_` datetime DEFAULT NULL,
  `EXCEPTION_` longtext,
  `RETRIES_` int(11) DEFAULT NULL,
  `PROCESSINSTANCE_` bigint(20) DEFAULT NULL,
  `EXECUTION_` bigint(20) DEFAULT NULL,
  `CFG_` bigint(20) DEFAULT NULL,
  `SIGNAL_` varchar(255) DEFAULT NULL,
  `EVENT_` varchar(255) DEFAULT NULL,
  `REPEAT_` varchar(255) DEFAULT NULL,
  PRIMARY KEY (`DBID_`),
  KEY `FK_JOB_CFG` (`CFG_`)
) ENGINE=InnoDB DEFAULT CHARSET=latin1;

-- --------------------------------------------------------

--
-- Structure de la table `jbpm4_lob`
--

CREATE TABLE IF NOT EXISTS `jbpm4_lob` (
  `DBID_` bigint(20) NOT NULL,
  `DBVERSION_` int(11) NOT NULL,
  `BLOB_VALUE_` longblob,
  `DEPLOYMENT_` bigint(20) DEFAULT NULL,
  `NAME_` longtext,
  PRIMARY KEY (`DBID_`),
  KEY `FK_LOB_DEPLOYMENT` (`DEPLOYMENT_`)
) ENGINE=InnoDB DEFAULT CHARSET=latin1;

--
-- Contenu de la table `jbpm4_lob`
--

INSERT INTO `jbpm4_lob` (`DBID_`, `DBVERSION_`, `BLOB_VALUE_`, `DEPLOYMENT_`, `NAME_`) VALUES
(260013, 0, 0x89504e470d0a1a0a0000000d494844520000036400000225080200000035f9ace2000052a249444154789ceddd7d705bf77deff93b933ff35f3a9dd9cd767ab3d9b9f76e7337b7e9dcb91d7767774677f6ee64efcc76ddf4c96deff6a6ddb6b6f6dea4a9b37593a64d4c5b4a44cbb4cd5870443bb405c7b044db9489c4704c29902909b2288992601bb24809942009926989945012a2600ab4b45fe0878703e0003878fc9d87f76bbec3010fcec30f2078ce07bf73f0c33fbb0b000000d4f1cf743700000000f64558040000405d8445000000d44558040000405d8445000000d44558040000405d8445000000d44558040000405d8445000000d4455844ce9d3b773ec95b5f5fcfd62177a9796466dded0500007d4258f43a1513250baeadad653299d5d5d59b376fa66bc844b94b6690d96466222300001e4158f4ae524cfcf8e38f250bbe31edfbfe8e3ffe7f7ff06ffff8dbbffabbdffce5dff99b5f92921bf2ab4c94bb7e76d877fdfaf5e5e56599591621320200e00584452f32c6c495f4b26ffc6b7ff5e8bff9c3873efb5fb6fcbbad2ffde7dd07874e26defaf0e6ac94dc905f65a2dc2533c86c32f347571752a914911100002f202c7a8e4a8ab76fdfbe75eb5660cfc0fd9b7efdcf1ffec20f5f79e0ccd5c3a9f54b0d4a6690d9646659e4a53d03d7ae5d5b5e5e9695c8aac88b0000b81561d15b54525c5b5b5b5d5dddfcc21ffec9df7f6e78ecfec619b1b66411595016bf72e5ca8d1b376455b242f2220000ae4458f49052525c584afcddd3fffbd71ebb2772fa955693a22a59501697959c4dc4969696d2e9347911000057222c7a4529294ab09390f7ed6d5fbe9a39db5e5254258bcb4a6455172f5e5c5c5c242f0200e04a8445af50d729aeaeae6e7afe0fbef6d83d1d26c5525e9455c90a252f2e2d2dc9cad5f58bba1f2b0000e81ac2a227dcb973279bcddeba75ebc5c97ffc93bfff5cdb679f4dcf47cb0afd6ffde3a54b976edcb8219b900dd1b90800806b10163de1934f3ef9f8e38f53ff74fdaf36fdbad54fb4645bf8bc8bacf6f4eca92b57ae2c2f2fcb86e85c0400c035088beea7ba156fdebc39fcea037ffef0af2dad9d5b5a3bbf78fb9cd492fc5c3b9ffb752d772377fbb62ab9eb7c7e4a6e665964517ebdad66c82d989b7ebb38f1f67959adac7c7e7efedab56bb2213a170100700dc2a2fb15ba1553a9bf7ce47f7a62d75f2cdc9afdd050f2ebc26afea7fa75353f5d4d599d5bb835b7509cad3cffadc23ca55f65b5b2f2582c964c266543742e0200e01a8445972b752bbe3ab5f50f1efaecf10b3fbfb01ccdd7bbf2f3a2babd92bba16e5f5c891666587957cd732137e5dd8bb92acf5c9ae1627e91e3893765e5bbf66d89c7e3742e0200e02684459753c3e52c2f2f0ffcf82b0f7cff37ce2c1d3e737dfaacaaa5c3aace2cc96d3565fa4caef213afe76fe7e7ccff3c9c9f9effb574affa55eeba7e5856fef08fbf72ead4a9cb972fcbe6d4303aba1f3d0000e81461d1e524b1653299ebd7731f6d91bc18fbe8edd842be3e7afbfd62e527ee9389ef2fbc5d98e1a37d31355ddd58c8cf969f21b748f146acbcf8db92146513274e9c482412b239d9286111000017202cbadcfafafaeaeaeae2e2e27ddffa959137be793cf9f3e3c937f33f737542ddb8549a283fdf3c919f72426eabe997d43ca5a58a530c13656659b96ce2e8d1a3f3f3f3b239d9a86c5af7a30700009d222cba9cba60f1ead5ab5f79f0975f3ff2e4e1f3af1f4e4c1c3e3f319d28576e4ae2f5e9c4ebeac6e1c2c4d765e6fc0cea2ef5abaac26ca53965a2ac5c36f1ce3bef9c39734636a72e5bd4fde8010040a7088b2e27892d9d4e2f2c2cfccedffc52f8f48b07e75f918ae47f166ec4d5afafe67f7d35127fb5f25e999e9ba22646e2a5c55f2dfc9a9b3f37c3be0f5e944d442291d9d959d99c6c94b00800800b10165dce18167f71ea85fd6777ed3fbbb358bb2a7e8de77e3d7076e781f84e75637f7c67ee5735b1307ff1def84ee37a649ebda776c8260e1e3c48580400c04d088b2e570a8b5f79f0975f7d673017f2e2bb0ac92fae22a0e43f951a771563e22e75afba5d488ac57478a098230bf31496ddf9caa141d98484c5d3a74f13160100700dc2a2cb95c2e27d7ff72bdb26feab3a831c992f9d5c2e9c4456e7a00fce97cf41976638589e4dcd50aa570c375e9195cb26088b0000b80c61d1e54a61f12f1ffde23f8cfc9fc6cfb54c5fa8f8988bf994c6d30d252b974d701a1a000097212cba5c292c7e77e4b7ff6ad3bf290d9aa3c6cd39511a3da774fb7279fa89ead9de3a91ab9f57577e1159b96c820fb80000e0328445972b0d9df3d2de813ff8dbfff6c0dcaed84753c501b70b75caf0b378efd4a9d20c0b53e5458a037a17c7ee9e52530eceee9295fbdffa1e43e70000e0328445972b0dca3d3f3fffff0cfcebc197feefc237fb15bef1af50e5ef00bc5e796fcdaf852f0034dc255364b5b2f2b7de7a8b41b901007019c2a2cb95beee2f91480cedfcf33ffbdeff7861e5dd8bcbd18b2bef5e909fcbd10bcbefe66ee7aaf86bfedec24499b2a22a37a5b060eec6bb6a0df995bc2bab959587c361beee0f000097212cba9c24b6b5b5b5e5e5e5cb972fc762effde5a35f9454f7e1add9855bb3a59f1f166ecf157e5d9d53772d1466982bde9e2bcfa326aee6a6cb0a65b56f847e76f0e0c153a74ec9866473b251c22200002e405874b93b77eea8cb16af5dbb168fc77ffcc6437ff2f79f3b10dbb9b8766ee9f6f9c5b5f34b52b7cfe57eae9d5bbcad6e9fcbfdbc7dae70efdaf9c5fc9cb945d4ccb93a9faf73074eed94153ef7b387f6ecd973ecd831d9846c485db0289bd6fde8010040a7088beef7c9279f7cfcf1c7a9542a994cc662b147467fef6b8fdd73357336b57ea9c39295c8aa64856fbcf1c6c1830765e5b209d9906c8e6e450000dc81b0e87ec6cec5f9f9f9e3c78f3ff4c3ffeddbdbbe6c96172fb694146525b2aa8989897dfbf6c96a65e5742b0200e03284454f509d8bcbcbcb57ae5c999d9d8d1c0b4bc8fbda63f7444ebfd24e9f62f6922c288bcb4a7efad62b7bf7ee3d72e488ac56562e9ba05b11000037212c7a82ea5cbc75ebd68d1b372e5dbaf4c1071f1c3e7cf8d1d1dffb93bfffdcf0d8fdad864559441694c55f7ffdf53d7bf6c8aa6485b25a59b96c826e450000dc84b0e8159f7cf2c9eddbb75757579796962e5ebc78ead4290979cf87bef5579b7efdcf1ffec20f5f79e0ccd5c38d33a2cc20b3c9ccb2c8e81bdf9a9898d8bb77afac4456252b94d5caca6513742b0200e0268445afb873e78e1a46279d4e2f2e2e4abcfbe0830f8e1c39b2efedf0f02b0ffce5a35ffcc3873efb5fb6fcbbad2ffde7dd07874e26defaf0e6ac94dc905f65a2dc2533c86c32f3eed7c7df78e38d7dfbf6c9e2b2125995ac5056ab86cba15b11000037212c7a88312f2e2d2d5dba74697676f6f8f1e3070f1edcb367cfaef00f363dff871bbfff6ffff8dbbffabbdffce5dff99b5f92921bf2ab4c94bb6486ddbb774b4c949965115950169795c8aa488a0000b81561d15b4a79717575f5c68d1b57ae5c999f9f8fc562c78e1d93fc170e87df7aebad50282489f0673ffbd94ff3e486fc2a13e52e994166939965115950169795c8aa488a0000b81561d173545ebc7dfbf6ad5bb7969797af5dbb964c26e3f1f8a953a74e9c3871f4e8d177de792712891c34905f65a2dc2533c86c32b32c220bcae2b212759d224911000057222c7a91ca8bd96cf6e38f3fbe79f3662a9592e477f9f2e54422313f3f7fe6cc99d9bcd379eab64c94bb6406994d6696456441595c5642520400c0c5088bde551519979797af5fbfbeb8b878f5ead5851a3251ee9219643662220000de4158f4ba52645c5b5bcb6432ababab9205d33564a2dc2533c86cc4440000bc83b0881c1519c5fafa7ab60eb94bcd434c0400c03b088b6824140a494cd4dd0a0000a00d61d133e62606b61f5a6a71219fcfb7b8b8d893f600000027202c7a465b61311008c4e3f19eb40700003881bbc3e2d2a1ed031373ba5b6149ef9bda56580c85423333333d690f00007002c2a24dd8342c4622917038dc93f6000000277073589c18282a84a4b9f294bac1ac34cff643878ce9aabc6c715a3e7c1d9aa89c683aa70a82f9e96a526e82b11d730d9a5a27e0993e969a0d55cc36d0f0e1542c5bda4c2c161b1f1f6ff189070000eee1e6b058d95d978b419561a9362f1aa7e6035d397295162dad339fabd4dcb9696a06d33955363444ba89e22ce50d5635b57625d5ed347b2c551baa78908665ac34b220994c8e8e8e9a3db70000c0133c1316ab4fc29a85b0aa794abf5676cf157be3aa2257719ac99c26dbaaee5bac6aaac94aeab7b332f09537d4dac3313f0f9e4ea78786869a3ccd0000c0bdbc1c166b4ef0364857262783eb844593392b7398b1cbb27c4f83a6d6a8fb582c87c5a68d34d8bc7933432d0200e0599e098bb5a76ecdf35fbdd3d0c6f3b9eaa65958349fb36e86cb6fc3f43474ed4aaadb69f658aa025f4b0fa76e5864a8450000bcccdd61b178b6d7fa075ccaa7872b3fe05273dab84e58349db32a8719b6313151baa7a2a9262ba9d2e0032ea673357d3875c322432d0200e0652e0f8b1d696bac19f761a8450000bc8cb068b47468bbd9a787bd8da1160100f032c26225c3f95992a2c2508b0000781961114d30d42200005e465844130cb5080080971116d11c432d0200e059844534c7508b000078166111cd31d42200009e455844730cb5080080671116d11c432d0200e059844534c7508b000078166111cd31d42200009e455844730cb50800806711166109432d0200e04d844558c2508b0000781361119630d4220000de445884250cb50800803711166109432d0200e04d844558c2508b0000781361119630d4220000de445884250cb50800803711166115432d0200e041844534f1d8638f0d541a1919d1dd280000d027844534b177ef5e63520c040284450000bc83b08826b2d9ece38f3f5e0a8bbb76ed9a9a9ad2dd280000d027844534178d46376ddaa4c2e2f3cf3f9f482474b7080000f409611196f87c3e498a5bb66c191c1cd4dd160000d03f84455872f9f2e54d9b363df6d8630ccd0d0080a7101661d54b2fbdf4c8238f44a351dd0d010000fd43588455e974fad1471f959fba1b020000fa87b008000080ba088b000000a88bb008000080ba088b000000a88bb008000080ba088b000000a88bb0d88e3b77eebef9dea5ef058f6f180a497d6ae373948beb9e2d41f92b7f636cfae523f3ab6bebba5f7d0000f41561b135d76fae7d6bfcd8671ef46b4f3094aefaea8efdf3575774bf120100e813c2620b0247e63ffb504025862f6ddafddd89e37b621f4add5859bf95b94bb9b5d45ff9f13def977a913ffdf5e7bf173c7ee78eee57240000bd4758b44462c137c6a65550f8f20fdf8a5e48694f3094969abdb272dfb3fbd42be1de1fedbd7e734df76b130080de222c5aa292e2a7bffefcb6f069ed7985d25e7b621faa4b11360c85e85f0400b81b61b1b9c0917995142522688f29944d2a7a21a5ae49f8d6f831ddaf5000007a88b0d8c4e51bab2a133c77e08cf68042d9aa0ecc5d95b710f2da38716149f7eb1400805e212c36a14e40dffbcc5eedd1c4fd1519daf0c06bf3da9bd14a7d77e2b83a19adfb750a0040af10161b595d5b575d477ca2a51fe5c0b07863655d753c9fbc48e72200c09d088b8dec3e9150fd46da43890deacace07366c89f472130e0c8b52f7bf149117c9c33f3daefbd50a00404f10161bd918c8e5804da1a8f6446283222c9ad7cf4e5e9217c96f6cdeadfbd50a00404f10161b518330dbec43d047b66c5036eedc654c57a5e91beedf75a538253f4fc544d3395510cc4f572b3cffdafdc579f201b1bc48718bb52ba9d74e3174b030b1664315b36d68f8706a97b5452da4d6e445f2996ffa75bf5a0100e809c262239fffce2ec901b35756b4271263022b76efe5c29321726ddc79de18c88a796bf0c8ad42f8533398ce995f9531d20d16d35864a838ddd8b368ba92ea76964364e54a0c1b323e9cbb07071b3f9caa656d54eac256ddaf5600007a82b0d888faec828dc262d589dad2af91a10d95f241ad2a72e56f9bcf6912f8e6776dacec1734cc63be92faedac0c7ce50db5f6707a7f1ebcdd52af13ddaf5600007a82b0d8c83d5b8212020ecc5dd51e479aa72b9333b375c2a2c99c95392c7f0eba90ff72b7cdc262e313c1266151b5c472586cda483b951ab35df7ab1500809e202c36f247cfedb3d970dc0d4e431bcfe7aa78671616cde7ac9be1f2fd8ba6a7a16b5752ddce8ad3d085155605be961e8e4dc3e2d1734bf222f9c2c3afea7eb50200d01384c5469e993a2d39e0be67f7694f24e52a7ff4a4f2032ed51f49a917164de7acca61eaeac0fcf9dfc1a162cf62f1c4b4f927606aabc1075c0cb395cf38377d38360d8b6a5cee8d8188ee572b00003d41586ce4dcb515758631716d557b283129678e35e3b2fad2a6ddf22279f3fd4bba5fad0000f40461b1897b7fb457a2c05fef9ad61e4af27565e703151f25ae336c0dd5a7fac9e17979797cf6a1c0adb575dd2f5500007a82b0d8c4890b4baa73f1e8b925edd1245786f3b32445bdb5905a539f837e66eab4eed7290000bd42586ceeab2fec9740f0f9efecb2e9c9684a47dd58595763b6dfb32578e78eeed72800003d43586c6e756d5d8da1f385875f8d5e48698f2994f65a48ada9a4f8d98702e7aeade87e850200d04384454be6afae7c6973ee730c9f79d0bf2d7c5a7b58a134d6ab330975f6595e0c272e2ee97e6d0200d05b8445ab563f5ebf2f3feca2ea62fceec471bb5cc548f5a566afac3cbee77df5d9672979f3409f2200c00b088b2db873e76ee8bd4b9214555c50a53a99281757ed5ffc895fbccf758a00008f202cb64c52c2ee93898d810831d153f59907fd7fb663ffcb47e619250700e0298445000000d44558040000405d8445000000d44558040000405d8445000000d44558040000405d844568100a8516171775b702000034475884069214474747138984ee8600008026088bd02393c90402816834aabb210000a011c222b4c966b3c160301c0eeb6e080000a88bb008cd2291c8f8f8b80447dd0d01000026088bd02f168bf9fdfe4c26a3bb210000a01a6111b6904c26474646f888340000764358ec83b9898189b96eaea75b2b6c60e9d0f601d1b3cd98ac3f954af111690000ec86b0d807ce0b8bb928d7cb2dd45b3f1f910600c06e088b463dca48ad66bb7acde85f58940d6c3fb4a465fd7c441a00005b212c1a1116cb5bd21516153e220d00804d1016cb26068a0a4166ae3ca54e382b5c7957314379a9621e3266bbda7bab261eaa69c65dc36c3561d1a405f9243657989e9b585c7d797d66ed366ec670a74aaef9698d9e160b1b355fbf696372935ed8b3e7f1dcf2fb975a59390000e82ec2a291b14b2f9747ca5924f75b4dac32e90134769995ee36863cd37bab428ff59ec5a54313c525cb2d34043b15aa8af36e6fb454bd87a1a25c45d8357b5a9a6eb4fefa4d1a53d8e8a1c247a48fb5b4720000d04584452343faa83e516a1a4c547231ed2234760e16b39de9bd2667645b3b0d5dd331675c63bddb8dfb16abc362798eba4f8ba58d9aaddfb431e58de63f22bded27033fb4be720000d0458445a3c661b15e2e5151a7180bcda3514da032ded97658cc6fb9b07479a166b9cd7ca97a8d6a1a164b3d7e6d8545f3c6546c3493893d3ef0fd5d533316570e0000ba88b068d4f034746d2c593a7468ae6ac18ad3ba7313551d81f5ee2d6ff45031cd590a8bd5678bad8545f3a5aab7641e16eb3e2ded8645f3c6d46e74fb8fc74393939384450000fa8cb058a1703ed4f2075cca7394ee37ffc44983cfa3182716a65536c3b8b59a6b168b4b6e9f98b0dab368be54f596ea84c57a4f4bdba7a14d1b63121665f6e9e9e9b1b11fef262c0200d047844538c9ececece8e8683a9dd6dd100000bc82b0088759585890bc283f75370400004f202cc27952a994dfef8fc7e3ba1b020080fb1116e148ea5ba4676666743704000097232cc2c14221f511690000d02b8445385bfe23d2637c8b3400003d425884e3f1116900007a87b00837e023d20000f40861112ec147a40100e805c222dc838f480300d0758445b84d284f772b00007009c2225c686666261008643219dd0d0100c0f1088b70a7783ceef7fb53a994ee860000e06c8445b8161f910600a0738445b8593a9d96bc383b3babbb210000381561112e97cd66c7c6c6a6a7a7753704000047222cc213262727f9883400006d202cc22bf8883400006d202cc243f888340000ad222cc25bf8883400002d212cc273f888340000d61116e1457c441a00008b088bf02e3e220d004053844578dacccc8cdfefe723d20000d4435884d7251289d1d1513e220d008029c2227077717171646424994cea6e080000b64358047232998cdfef8fc562ba1b020080bd101681826c363b3e3e1e894474370400001b212c0215c2e170301894e0a8bb210000d8026111a8168d468ddf223d3f3fbf6bd72ee22300c09b088b8089d247a4c5a64d9bb66eddca08de00006f222c02e6161717b76fdf2e3171606040f2e2d34f3fadbb45000068405804eadab163c74091cfe7e3eba401001e445804ccbdfdf6db0306838383bb76edd2dd280000fa8db00898dbbe7dfbf0f0f0934f3e59ca8b4f3cf1c4e2e2a2ee760100d0578445c05c2a959a9999191b1bdbb469d333cf3c23a9516e844221dded0200a0af088b4073f1787c7272f2a9a79edabc79b3eeb60000d0578445000000d44558040000405d844500f0ba3b77eebef9dea5ef058f6f180a497d6ae3731445b9a3eed912947fea6f8c4dbf7c647e756dbdbd5d04611100bcebfacdb56f8d1ffbcc837eed87348aa2fa505fddb17ffeea4aab3b0ac222007854e0c8fc671f0aa843c89736edfeeec4f13db10fa56eacacdfcadca528ca05a5fea91fdff37ee9a4c1a7bffefcf782c7efdc69615f41580400cf91e3c437c6a6d591e3cb3f7c2b7a21a5fd90465154af6bf6caca7dcfee53fff8f7fe68eff59b6b16f718844517e2f2238a6ab5ba72598f83a8a4f8e9af3fbf2d7c5afb018ca2a87ed69ed887eaca13d9e959ec5f242cba0a971f515457aabdcb7a9c227064fe53f9a428c70cedc72d8aa2fa5fd10b2975098a64062b3b0dc2a27b70f91145b55d5db9acc7112edf58553b8ae70e9cd1feb45314a5ab0ecc5d95bd9cec0a4e5c586abadf202cba01971f515417abedcb7a1c41ed2bee7d66aff6e799a228bdf5dd89e39fca9f8c6ebadf202cba01971f5154d7ab8dcb7aec6f756d5df525f09692a2a81b2bebea3cc3c98b4d3a17098b8ec7e54714d5a36af5b21efbdb7d22a1e2aff6e796a2283bd4fd2f45649ff0f04f8f37de7510169d8dcb8f28aaa7d5d2653df6b731903b306c0a45b53fb11445d9a17e76f292ec137e63f3eec6bb0ec2a2b371f951fd3ab265c3d0c16eaea75b2b6c5057763eb0416c893874fdee2ceb97f5d89ffaf80e6721288a52b5905a937dc2671f0a34de7510161d8ccb8f1a96f3c2e2fcae8d1b068f3877fd6e2deb97f5d8dfe7bfb34b1ec8ec9515edcf6a1fcb79bb82bebeaf8b0c6d78e0b579b971feb5fb376cdc79bec5c5cb4be5dadc4e83dbdb2ed5bd5241a2f1ae83b0e8605c7ed4b05adda1d7dbd3f5ef08717070c3fdbbae3877fd2e2e8b97f5d89ffa88b7c786d3725e58ecebfb3ac2a2e78bb0e8725c7ed4b0088bfd5ebf8bcbe2653df6a7c2a2f6e7b3bfc5aea06195c2623bcf49abf3b43773dfca9eadea79a9dd42e35d0761d1c13c7bf951ee6d774169972dbbef82e24ed6b843afbdb76ae26ba5db35fb4db32344eead704171cf22f76edc19294ccf4d945d70d5164d962a971c1e0c0f4aedb3f22d2cb4a7dcdaca47dd6ca3e6eb376d4cd5465b58b9eb4b5dd6f3996ffa75ffd3778ab068a1088bd69f9356e7696fe6be953d5bd5f3222cba9c272f3f5229a76a4f9d8f3585b318a5ff76e39eddf4deaaddb1f523c4959d83c57d6b2e3f95ee2d063b15aad459a4726b4d97aa28c311425db1541176cbad6d61a3f5d76fd218938d5a5fb9ebcbca991afb735958e47d631bef1b6f55af6483e134746185954fec91cae7a4b249c65d5c69baf1a119f71885db952bacd8a574f9d1195e03b55336eedc655ccf919a3f7ded52b57f0e371461d1e5d445f79e0b8b857f60c3352ec51dc7868a7fece20eddf45e9337d3ad7527d41ca58c91b4de6dd3635bb9aac262b931d5ad3546dee61b355bbf6963aa9e81d656eefa52ff6ebaffe93be5aab0c8fbc636df37e6662e3dc05c36ad0a8b264b199f93ca265586c5f2f452db4cc262e50acb13bbf6e82affa075ffee86f5d45e7669ba54d59fc325455874b97bb604e50f7c60eeaaf6979a8e52ffb4f97f66f3d32886b0587b6f276131df2b50d81955ece61a462bf3a52aaa95b0a8d6df6e58346f0c61b151a9a1ef75ffd377ca556191f78dedbd6fac5a49c5075c0ce1ac62c1eab0586e52dd1d48f157eb61b1178faed1abc298056bc2a2f952ee3c4f4d5874b93f7a6e9f1787e33effdaceea7d56d51be5aa1d7abd7bcbef207736da0bd41c210c3ba3fc1edfda11c27ca98aaa7b84a87dc35d3e4bd25658346f0c61b16e1d3db724ff6b5f78f855ddfff49d72575854c5fb460b1b6df0904dc262cd13ab2d2c76fce8eafdddad844593a5088b70a067a64ecb1ff8be67f7697fa9f5b9cad7f494469730bf72a8c17545c6899597e934bf50a930045aeebde6e090d52384f952d58fab4e58bcdbe8529e764e439b3686b058b7d4b8dc1b0311ddfff49d725558e47d639bef1b8d0f39bf2ba8390d5df3c45a0d8ba57d72f9a11946c6317f6bdae03474a78f4efd41ebfddd1b8645f3a5088b70a073d756d4a9b1c4b555edaf368a72717d69d36ef95f7bf3fd4bbaffe93be5aab0c8fbc676df371aceb1e63fe451d3b358fbc41a9e93863d8b8343356d2b9f73373edef20a2d7ec0c5faa3abf983d6fd1c527558acfcd3d71d3242ff2bbfbb455874bf7b7fb457fec67fbd6b5afbab8da2dc5a3f393cafbe0eebd6dabaeefff84eb92c2c5214d5791116ddefc48525d5b978f4dc92f6171c45b9af16526bea73d0cf4c9dd6fdefde055e1d4281a2a8ba6565a807c2a2e37df585fdf267fefc777671329aa2ba5b3756d6d5d0f7f76c09deb9a3fb5fbd1bbc3d840245512695fbc681079b7ce30061d1f156d7d6d501e00b0fbf1abd90d2feb2a32877d4426a4d254579db7deeda8aee7ff4eef0e8100a1445d5298b433d1016dd60feeaca9736ef566f0eb6854f6b7ff15194d3ebd599843a3523ff53272e2ee9fe17ef1acf0ea140519469591cea81b0e812ab1fafdf97ef33506f11e4cfcf558c14d56acd5e59797ccffbeab3cf52f21ecc357d8a0a43285014652c8b433d1016dde3ce9dbba1f72e495254c73955aa7784a2a8c655fb8ff3c42fde77c7758a55184281a22855d6877a202cba8d1cde769f4c6c0c44888914d56a7de641ff9fedd8fff29179178c92530f4328501475abc5a11e088b00e02d0ca140511eaf56877a202c0280b73084024579b9da18ea81b008009ec3100a14e5cd6a6fa807c2220078114328509477aac3a11e088b00e0510ca14051aeafae0cf5405804004f6308058a727d7538d4036111d026140a65b359ddad0000a011c222a0cde8e8683299d4dd0a00001a212c02da8442a1999919ddad0000a011c222a08d2445c98bba5b010040238445409b6432393a3aaabb15000034425804b4c96432838383ba5b01004023844540279fcfb7b8b8a8bb1500ea7aecb1c706cc0c0d0de96e5aaf305003aa1016019dc6c6c666676775b702405de170f8d1471f35c6c4ef7ffffb4f3df5d4d9b3677537ad5782c160341ad5dd0ad8086111d0692a4f772b0034b275ebd65252dcb16387dfef5f5858d0dda81e4a2412f21875b70236425804749a9d9d1d1b1bd3dd0a00263299ccccccccc8c8c8534f3da53a1777efdeedfaa4a80c0d0da5d369ddad805d1016019d1617177d3e9fee5600a8108fc7c7c7c72530854221150d5f7cf1c51ffff8c71e498a77f327df239188ee56c02e088b8066838383994c46772b00dc4da55212928687870381402c16337ec8239d4ecb748f2445218f74646444772b601784454033bef40fd04b4261341af5fbfd12072391884446dd2db205c66a40096111d06c7272727a7a5a772b002f92f769c160706868487e261209ddcdb117c9cde17058772b600b84454033bef40fe8b3743a2defd07c3edfe8e868341ae53a1053a9546a787858772b600b84454033bef40fe89b582ca63eb9323939c939d6a6fc7e3f1daeb84b5804b4cb66b39b376fd6dd0ac0cd24174a3a948c284951f2a2eee63806e73da0101601fdb8901ce8053550e2e8e8a8fc8b4d4f4f337060abe4099484cd57ff81b008e8c797fe01dd158fc7d5275742a110a30d7482bd13ee1216013be053874057a452a9a9a929355062341aa54bac73ea2a4fddad80668445403fbef40fe8841a285102a2c444098b0c94d845f2dc0e0d0df181718f232c02fa314405d09e8585855028a4064a8cc7e3ba9be34ef2dc4a16d7dd0ae84458046c812ffd03ac4ba7d33333333e9f6f6464446ef0bfd3538944c2eff7eb6e0574222c02b6c097fe0156ccceceaa811243a1106308f48d3ce17c96dccb088b802df0a57f4003920bc3e1b04496b1b131064aec3f79f2239188ee56401bc222600b0c7e0bd4ca6432d168540d94286185ce2d5d16161646464674b702da1016015b605f0c182512093550a2fce40a0d3be0bb03bc8cb0d867731303db0f2d554e5b3ab4bd7662a3354ccc55dcb0a5d2036dedd1159597cadd6ae771b6b75d7df8d23fe06e7e64804824323c3cecf7fb1928d156180ed6cb088b7d4658b4c67b61f12e6fdce16db1584c0d9428898481126d8811bebc8cb0d89276834b9959586c790dfd098b9d3d584b0fd4ca265a6a46e77fa06e69a725e3e3e35cb90faf913748a150687070505eff0c9468737ebf3f9148e86e0534202cb684b0681961d1524b2afe881d9ce5e9677f73eea1897e3ccff44fbb5726935103250a064a740a3e87e75984c5164c0c14150e1f73e529758e4485e36a7986fcd1efd044c5b4f2814cdd2aafd66ca566b1a06633850dcd15a6e72616d75a3ef4992c65dc4acb0fb6729e81dac374e506ab366178ecf26bd3e7c478f42fdcae5c61453c306d7cc5dfa24e22282f589cc1744ad57a1a3d7bc5a554fbc2c3f9496a631d7ce95fffc2625ff33861d18de2f1f8f8f8f8e0e02003253a8e64faa1a1212e24f520c2624b8c879cdce1bf7c18c9fd567330323942e543433905e55750198c2af29ec901ae36162c1d9a28b6a3bc483175156f9a045393a53a78b09553cb0b945663f26c5427be81eafc57ff3931098b776b9269f9a9306bbcd9dfa2e61155663b637f696903a6eba97af66a97528fcbbfc3f09ca4d369d911573faf759fb1aaa6f6292c76de37deed8db9b87fdac89ead6a412a955203250602012eb7702eae96f126c2624b0cfbebeac398e9ae5cc534e37c55b9c1242c1a56526f9d26b1c0bc0bb31c064d6f37ec5b6cf5c156cd53d12764086715339927becadfea3c27d6c362ddc69bfd2dea3ea2fc52e18a9e53433f62ed7a2a9f3d93a54ae9b3e2896cf6a57f84c55a84455bcb66b36aa0c4e1e161064a74810e4e80c0c1088b2d699c9fea1dd654242bf5f2753b2ce6575f586945326b1816cd97eae0c1360f8bb5cf86aeb058ff6f51e71195e3dee6c07ce1be921d7eb3b0b867a834c3b0d9c9e8f99ab0587baaba6ae2a19ab3dbc6b6f6e1e204e3c3963b2baf1ca87e5a2a4ff737de68bd8d98bd52ec7831435b8fae371736141ebbd9a6fb2d994c06834179ffd3bd8112cdde3db476a9403fafee752749ff4343435c63ea3584c596343c335bbbbf5a3a74a83ace340f8b95c77a0ba7a10dab342cd22c2c9a2fd5c183ad380d6d88a286f3ae35cf86d5b068f29c188e108639ac9d862e1f6e1b86c58a473413182a1c89d54f997b6e423dff3b0606b64c54ff4d7359d15f71eebcb0b9fc52f9d63f650c8b857bf35ffa17369ee0ae6c96f59ec51e5d9c50f3c2a9cc52754ff737da68bde7dc391733b4f2e82affa05dbfb0417f004aa7d36aa0c4d1d1d16e0f944858b4855028343333a3bb15e82bc2626b0abd1a963ff351d39561a16771a2e1e75b4c6341b1ab65fbc484d59e45f3a53a7ab0d5bd600dcec756757e95fb848cdb6ef29c941e80b1fde5155aec136a14168d4fd2d844b947b36a453323b2c199aaf5cced52336dab7ab2cb86860c61d1f454b5c991b1b5d3d0358dedfce284eab0589ec3d2e9feba1b355f8949fff49c8d2f6668f1d1ddadf377efe8c286bb1ac562b1b1b1b1a1a1a13a032576de42f3f7a92dae415758ecdb1fa8e71b4a24127ebfbf871b80fd10166d45ffee1e75747c0542ddeed88ac851f1a57f9d84c55e5d9cd05258ac3ddddf79582c3f0ff6bb98a1adb068feaa6816164d96d2b6f75003254a461c1f1f9f9d9dad3f2361d12561510c0f0f3370baa710166d85b0685b5db902c1d8ab5975c42adcabbef4cf706f79a3871af51ef5ede284fa61d1d2e9fe6671cad91733b4f4e8d41fb4deaba26158345faadf7b0f3550a2bcb751032536fde48a17861eabdf2b3fd7c6c3af3c59b354ef955eb9518b1bb2f000abb65ef50c3fbe23128998b71a6e4458b415c2a27d757c0542bd6392c911ebe5e9859a456aceb3576fad4f1727d40f8bf59e9696e294a32f66b0f0e86afea075934acd0512157f7a93a5fab7f75003250e0d0d8542a1858585e60b14347cc755db7693073467eba1c79afc055a7cf855f354adc0f4bd520b1b6afa00ab5e84861316f99b8b8b8bf226a1ee6385eb1016017b611833d8931a28717878580d94d8fa27571a5fcb511b976aaf4f358bd14d2f36a85ea7c969e82e5ddd5bdbe00e1e7eeddb0df39ec5da8d5ad99085930c956aaf8b1d191969e5ad029c8db008d84b075ffa07749f1a28d1eff7ab81123bb852ade30b7f7b1116bb7f75afb1c11d3c7cab61b176a35636d4c21529755ac09eca5b088b80bdc4e3f14020a0bb154061a0c4a1a121f99948243a5e5f572efc6d12164dae4cadd0cbab7b4d1adcc1c3afbdc2d5f412db2657f1b67dad6df3eb622d7ce314dc83b008d80bbb60e825afc0e9e9699fcfa7064aece2f0cb1d5ff86ba16751ebd0638d3f5cd3eac3af7bc972b38d5ad89085f3ec16ae8bf5fbfddd78170107202c02b6d3ec4bff809e88c562ea932b9393938b8b8bba9bd32a3e20d86ff25e22180cea6e05fa81b008d84e201088c7e3ba5b01af905c28e9500d94e8e40f571116fb4dded3cacba6ab5fd2039b222c02b693ffd2bf69ddad80cba981124747477d3e9fbcde9a0e94687b84450d1cfe060356111601dbe1e40e7a2a1e8fab4fae8442a16432a9bb3970b0d9d9d9b1b131ddad40cf111601dba9f8d23fa04b52a9d4d4d4941a2851de9070f6109d935791bcebe01a6bd7232c02b623fbdfc1c1418ee5e80a3550a2044489891216f94a5f745728149a9999d1dd0af4166111b023be1d019d9397901cc8d540897c640a3d924824fc7ebfee56a0b7088b801d71d938da964ea76766667c3e9fbce5901b9c2244af0d0f0fd363ed6e8445c08ea6a7a727272775b7020e333b3bab064a0c85420e1c28114e150e87239188ee56a087088b801df1a57fb04e72a11cad25238e8d8dd1218dfe9357a0cfe7d3dd0af4106111b023bef40f4d6532996834aa064a8c4422ce1f28110ec665d6ee4658046c4ac222877f984a24126aa044f9c94089b003ae9c7137c22260537ce91faaa452a94824323c3cecf7fb192811b6c2c91077232c0236c597fea124168ba98112c3e1301f3b853df1fed6c5088b804d493e181f1fd7dd0ae8b4b8b8180a85060707e595c0611836c7f794ba186111b029bef4cfb332998c1a28513050229c82af9e7231c222605f9b376f66cfeb29f1787c7c7c5c8eb80c940827e2db04dc8ab008d817a35178442a955203250602018eb5702e0688752bc222605fc160301a8dea6e057a259bcdaa81128787871928112e202f697931f34a761fc222605f0c5de656c96452de090c0e0e3250225c26140acdcccce86e05ba8cb008d817e7745c269d4eab8112474747192811ae246f7ee4e5adbb15e832c222605f994c66707050772bd005b1586c6c6c6c6868888112e17af2768817b9cb1016015be34bff1c4d0d94287fc4f1f1f1d9d959ddcd01fa612a4f772bd04d8445c0d6f85204275203258e8c8ca8811289fbf014798f24af7cddad40371116015b0b87c3914844772b60951a2871686828140a31ec113c6b7474944f6eb9096111b035bef4cf11d44089c3c3c36aa0443eb9028f63240797212c02b6c697fed9991a28d1eff7ab8112b9a81f50d2e9f4d0d090ee56a06b088b80ddf1a57f36a4064a94c3a1fc4c2412ba9b03d80ed75bbb096111b03bbef4cf3ed2e9f4f4f4b4cfe7530325663219dd2d026c4afe41e4ad94ee56a03b088b80ddf18d0876a02e1e1d1a1a9a9c9c5c5c5cd4dd1cc0eeb2d9ece0e0206745dc81b008d81d978a6b24b9509e7c3550a2e445ddcd019c84ff1ad7202c0276974824fc7ebfee56788b1a28717474d4e7f3495867a044a00d7c61a96b101601bbe34bfffa490e6fea932ba1508881e2804e64b3d9e1e161de6bb90061117000bef4afd752a9d4d4d4941a28311a8d72a115d0155c72ed0e8445c001c6c6c6f866e15e5003254a409498286191811281ee4a2693a3a3a3ba5b814e11160107e04bffba6e616121140aa98112190d0ee81d9fcfc700024e4758041c802ffdeb96743a3d33332347af919111b9c1408940af4de5e96e053a4258041c40de974bbed1dd0a679b9d9d550325864221fa3980be49a552c3c3c3ba5b818e10160167e04bffda23b9301c0e4b461c1b1b63c837408bd1d151c6167034c222e00cec6d5b92c964a2d1a81a28311289f0597240a39999995028a4bb15681f6111700646a0b0289148a88112e527f11ab00379b7363c3cccb911e7222c02cec097fe35964aa52291881c90fc7e3f032502761308041876c0b9088b800348127aebadb71e7becb1919191ad5bb78e8d8de96e918dc46231355062381c66a044c09e18d2c1d1088b80dd49461c3078eeb9e72432ea6e947e8b8b8ba150687070508e40f458003697cd66e5bf952e7f87222c027677e4c8914d9b3695c2e2ae5dbbbc3c685926935103250a064a041c24180c46a351ddad403b088b8003fce8473f2a85c5e79f7f3e9148e86e9106f1787c7c7c7c70709081120127927fe14020a0bb15680761117080743afd831ffc4092e2d0d090a425ddcde9ab542aa5064a94c30c0325028e26ffc88c63e5448445c0198e1c39f2e8a38f3ef1c4131eb9483c9bcdaa81128787871928117087c9c9c9e9e969ddad40cb088b80636cdbb64df2a2eb2ffa492693c160707070908112019791ff687907a8bb1568196111708c743a2d61d1dd7d6c7ebf5f8e250c9408b895cfe73b7cf8f0f6eddb1902cc41088b0000a0e7e48d6e3018348eeda0bb45b08ab00800007aeef1c71f1fa8a4bb45b08ab00800007a6e7e7e7e707090b0e84484450000d00f870e1ddab2650b61d171088b0000a04f76efdefde8a38f12169d85b0080000fae7d9679f252c3a0b61d161eedcb9fbe67b97be173cbe612824f5a98dcf5114e5e5ba674b507605df189b7ef9c8fceadabaee5d14d05c2693d9ba752b61d141088b8e71fde6dab7c68f7de641bff683134551b6adafeed83f7f7545f7ee0a6862696969d3a64dba5b01ab088bce103832ffd98702ea60f0a54dbbbf3b717c4fec43a91b2bebb73277298af26ca95dc1e37bde2f9d6af8f4d79fff5ef0f89d3bba775b00dc82b06877b2c7ffc6d8b43a067cf9876f452fa4b41f9c288ab267cd5e59b9efd97d6a7771ef8ff65ebfb9a67b0706c00d088b76a792e2a7bffefcb6f069ed87228aa2ec5f7b621faaeb55360c85e85f04d039c2a2ad058eccaba4287b7fed47208aa29c52d10b2975e1cab7c68fe9de8d01703cc2a27d5dbeb1aa76f7cf1d38a3fdd8435194b3eac0dc55799f293b9013179674efcc00381b61d1bed409e87b9fd9abfda843519413ebbb13c7d5c968dd3b3300ce4658b4a9d5b575d52bc0275a288a6aaf6eacacabb313272fd2b9d829c6b8a55c506d0fcb4a58b4a9dd27129fca7709683fde5014e5dcbaffa588ec491efee971ddbb3407638c5bcaad657d5856c2a24d6d0ce476f19b4251ed071b8aa29c5b3f3b7949f624bfb179b7ee5d9a5331c62de5a66a7b5856c2a24da93f241f82a628aa935a48adc99e44e28eee5d9af330c62de5ee6a695856c2a24d7dfe3bbbe4ef277f4bedaf278aa21c5deaea67ddbb34e7618c5bca0b65715856c2a24da9b0cf990e8aa23a2cc2621b18e396f24e59199695b068532a2c6a7f0dd9be8e6cd9b071e7f9ca89e75fbbbf7662a3350c1dacb861cb8a0c6d78e0b5f9961f5ded737265e7031bb6445a6f407bdba56c506a67a27b97e6248c714b79ad9a0ecb4a58b429c2a2b5222c5a2bc2a2878bb0d82ac6b8a53c588d8765252cda1461d15a9985c596d7d09fb0d86e4a53550a8b9d6ea2a56674d666fb3c7bde2ec2624b5c31c6ad67de4553ddabc6c3b212166d8ab068ad088bad6e82b0e8b9222cb6c41563dc1216a976aac1b0ac84459b222c9ad6fcae8d1b0a4a3bb28d3b770d15a60d1ec9cd96db27aa7b55c290790accd286d93e31b786aa45f21b8a14a6e726460a1bbd7fd7955b7597326ea5a890f90c53eaee8b8df36c309c862ecc5ff96c546dc2f0d8e5d7a6cf8961b5c5db952b34ce60def88abf45f969a9f3888a33984ea95a4fa367afb854e5e3d5fd42b55511165be28a316e1df42ebab6faf6ce90b7a0d5d5605856c2a24d11164daa22afa8ca87837246ccef1f2b835139cde4e25ded5eaf769f7865e760316d941731a41015136b83a9c952c632ee98726b2bc7a9ba0d2befc80e0ed684459367c3b889cac7def43931098b952b2c4facd778b3bf45cd23aa0c91c6435a695ba6eba97af66a97aa7c5c94a1088b2d71c518b784455b6dc831d5605856c2a24d1116cd4af52719778255b9c1242c1af605a6bb06f37da27917e6f9da8d56ec946b96329661ebd5e794cd1a56354fc5075c0ce1ace2d9a80e8be575367d4eac87c5ba8d37fb5b3478449972ef6c49b11fb1763d95cf9ec952ecf7eb1661b1254e1ce3d671a75ceaef2a3b3d0993dbaef9deacf1a9987a1bb2f000dd75a2a3de485b84459b222cd62fd587a432440fc2627ed756f89faf48660dc3a2f952d5cdae1f169b452b93b058fb6ce80a8bf5ff160d1e91e994eaa7b74e5834598ab058b7088b2d71de18b78e3be562be872c553b27612a4e5998eecd9a9c8a6978c2a4d10374db890ec2a2c310164deafc6b3bab9350f3b058f8df2ebcadb4b04f346411c322cdc2a2f952c66ab86332cf4c95e7946b4e43d73c1b56c3a2c9736238716c68bfb5d3d0e5f7e50dc362c5233ab2b37831a2e154bbe9ced7f43474ed5284c5ba45586c89fa40a8a37a161d77caa5b6c1c6eaec244ca6de5bdf86a7622c9d30a9b3e7afe4f4131deaf55ffb7f4158b429c2a269e52edd530a71c7c23e7170a8723f5555666fa01f28fedb0f0e59ed59345faaa20a7b4cebe756cabba1fc19a59a9ec59a67c3b889863d8b66cf4969876e6c7f7985163fe0d2282c1a4f48353bb155b39e8a67cf642907ef9d7b5d84c596dcb325284fd781b9abdaff702d96e34eb9181b5cfd40da3f0993a917166b376a65432d7413983f04a795bcf83ff3a0bff6ff82b0685384c56e9483ff6329aa5b45586cc91f3db7cf61dfdde2b8532e260d3656272761f2a72c4ccf9334391563e58489e96d579de8387a6e495efc5f78f8d5daff0bc2a24d1116bb514efd8fa5a82e1661b125cf4c9d96a7ebbe67f769ffc3592fc79d72a93d2b62ac964fc2d49cb2303d4fd2f0544cbd0d5938cfeea2131dea4b5c360622b5ff1784459b222c76a39cfa1f4b515d2cc2624bce5d5b91a7ebd35f7f3e716d55fbdfae37c58e9132af2f6dda2d2ffe37dfbf54fb7f4158b429075e644d51941dabde15eba8e7de1fed9567ecaf774d6bffdbf5a6088b9449fde4f0bc1a64f1d6da7aed3f0561d1a61c7b91354551f6aa7a57aca39e13179654e7e2d1734bdaff7c3d28c222555d0ba935f5aef299a9d3a6ff1484459b72de45d61445d9af1a5cb18e06befac27e79de3eff9d5dee3d194d5185bab1b2aebeb8e89e2dc13b77ccff23088b36e5c48bac298ab25b35b8621d0dacaeadabd33b92b3a31752daff8e14d5a35a48ada9a4f8d98702e7aeadd4fb8f202cda94072eb2a628aae7d5e08a7534367f75e54b9b77ab93f8dbc2a7b5ff2929aaebf5ea4c429d7d9617f9898b4b0dfe1d088bf6e5f68bac298aea6d35be621d4dad7ebc7e5ffe8a20d5c5f8dd89e32ebd8a91f256cd5e59797ccffbea9da494bc296ad0a7a81016edcbed17595314d5c36a7ac53aacb873e76ee8bd4b9214d56155957a6229ca7155fb4a7ee217efd7bb4ed188b0686b5c644d51541b65e58a755827cfe1ee93898d8108319172417de641ff9fedd8fff29179ebe71c088bb6c645d61445b55a16af5807008b088b76c745d61445592feb57ac038045844507e0226b8aa21a571b57ac038045844567e0226b8aa24cabed2bd601c022c2a2937091354551a6d5c615eb00601161110000007511160100400b16171727272775b702fd435804000056452291919191858505dd0d41ff1016010040738b8b8ba3a3a3e170389bcdea6e0bfa8ab00800009a501d8ac964527743a00161110000d4458722088b000ab66edd3a313191c964743704805dd0a188bb844500252fbcf0c2c0c0c0a38f3e2a373efae823ddcd01a0131d8a28212c0228908028497120ef91471e79eaa9a78e1e3daabb5100348846a39214e9508442580450e6f3f9060c9e7cf249bfdfafbb5100fa279d4e0702816030c8152928212c02288b46a38f3cf2884a8aafbefaaa2445465303bc43f600f28e311e8feb6e08ec85b008a0c2962d5b2429befcf2cb838383172f5ed4dd1c00fd4087221a202c02a8b077efdea79f7edaeff79f3a754a7e72e4005c8f0e453446580450219bcd0e0f0fabb3cff293bc08b8181d8ab082b008a011c98ba3a3a38c9d01b84f2c16a34311561016013421c792b1b131f222e01a994c26180c8e8f8fd3a1082b088b009a232f02ae21ffce3e9f2f1a8dea6e081c83b008c012f222e074aa43311008a4d369dd6d819310160158455e049c8b0e45b48db008a005e445c071e8504487088b005a435e041c840e45748eb008a065e445c0fee43f940e4574056111403b242fca4148772b00984b26932323237428a22b088b00da24c7a16030a8bb15002a64b3d970383c3a3abab8b8a8bb2d7009c22280f69117015b511d8a9148447743e02a8445001d212f02764087227a87b008a053e445402f3a14d1538445005d405e04b4a043117d405804d01de445a0cf2420d2a1883e202c02e81af222d03792112529d2a1883e202c02e8a69999995028a4bb15809b49401c1d1d0d87c30c8c8ffe202c02e8b2a93cddad00dc497528269349dd0d8187101601741f7911e83a3a14a10b6111404f9017812ea243111a111601f40a7911e81c1d8ad08eb008a087c88b4027666666e8508476844500bd455e04da904ea70381402814a24311da111601f41c79116849341af5f97cf1785c7743801cc222807e0887c37ccf04d094ea500c0683994c46775b8002c222803e91e35f341ad5dd0ac0bee850843d111601f40f791130458722ec8cb008a0afc88b40153a146173844500fd465e04944c26333e3e4e87226c8eb0084003f222108fc77d3e5f2c16d3dd10a009c222003dc88bf0ac4c2623afff4020904ea775b705688eb008401bf2223c487528f2ca8783101601e8445e8477d0a10887222c02d0299bcd8e8d8df13950b81e1d8a702ec22200cdc88b70373a14e174844500fa9117e156c964727474940e45381a6111802d90173d6c6e626062cefaec4b87b60f6c3fb4d4bbf67487bca4c3e1b024c5c5c545dd6d013a425884fdc981a4e6c0d0dad1a274286af198d467a507dadeb1b0bc54ee563b8f53f73198bce8557d098bb29181fefdff2793c99191914824d2a7ed01bd445884fd1116ad717e58bc4b5eb497765f482debf53f66ee810c6c9f98e8cbc3a14311ee435844af757ebc310b8b2dafa13f61b1b3076be9815ad9444bcde85b2068aad012f2a26db8262c2afd78387428c295088be835c2a26584c5624bc88b76903b6bab145e9673e529755f32e579cabddcc59973f7196e1a662bfe631a5f8c86dbf99518b65bb8aba227dcf04b751b8a7afb52a743112e4658446fb571bca93e30a80c7568a2625a79b7af6e95576bb652b3b058b399c286e60ad373138b6b2d1f724c96326ea5a3836be501d6f43059b509c363975f9b3e272647e2ca15561c4c4d1b5ff1b7a8936c6b0fd5a653aad653fdec6532b1c7ab97aa78bce64f27bac9f882c83dede5bfb821f71918dfee94972d4c2ddf59b9aac294fa61b136e395a694d76932a966c91e86453a14e16e8445f45a8bc71b93fdb9e1baf452ef416530aac87be6c7b0aab0b87468a2d88ef222c5d455bc69124c4d96eae0c1564e2d2fd0e0305973381da83db8d67b4eccbb6daa9269f9a9306bbcd9dfa2e611d5e480da83b7e97aaa9ebdedfbaf64fc7effc2c2acf1e9e8e3471460f88b54777b9b05afca373e35ef162ade292c552fd9e0255ab978f55d953b84ba6da8d3e66e908c282f543a14e1628445f45a8bc79bda034375da30098bcd3a0fcc4f439b776196c3a0e9ed867d8b6d1c5c4d1f6883c364bd1375772d3c27d6c362ddc69bfd2d1a3ca2bbf50edea6eba97cf64c96b2cf19738f68fc7ab6f0d72fdfd149582cff5efb42502b2bb7a6d1b51cdd7ffd48401c1d1d0d87c3d96cb69beb056c86b0885e6bf1786358cad0cbd7edb0a83e1c5975feaa6958345faa8307db3c2cd63e1bbac262fdbf458347643aa57a6a9db058bc3f9351fd8b0b84c5be6bd8536efe6735f69457e739e369e8d26a0f555fb368f80f2b4e3c54f5aaad7a25e73ee66cfc6f356943cdc3e9824824323232924c26bbb646c0ae088be8b5168f37b507060b61b1f2bcac85d3d086551a16691616cd97eae0c1561cd80c51d4701abae6d9b01a164d9e13d323b1c5d3d026fd36a659df3407d41ebc9b85c5caa562afbdf6a38af3d1e893423fbaf56b70cdbaebebbce8aae632bc06555fb261a09beacb6f2b5ef835ff8b269dff86498d5a6f151d8af01ac2227aaed5e34dcde7322cf42c4e34fc7c8be9358bc58387e198d4f434b4e9521d3dd88acf7e1c32e959ac79368c9b68d8b368f69c981e89cb2bac589f69e39b86c5da1c607af0365f4fc5b357b954be7ff1c76f6d232c42333a14e1418445381da726bdc2703e1ad0800e45781661114e4758f410f22274999e9ea643119e455884d31116bd25954a495e949fba1b02af48a7d38140607272920e457816611180c39017d137d168d4e7f3f16542f038c22200e7212fa2d75487623018cc6432badb0268465804e048e445f40e1d8a8011611180539117d175742802b5088b001c8cbc882ea2431130455804e06ce445742e93c9d0a108d4435804e078e44574221e8fd3a10834405804e0060b0b0b9217e916424be405130c060381403a9dd6dd16c0be088b005c82bc8896a80ec56834aabb2180dd111601b807791156d0a108b484b008c055c88b688c0e45a0558445006e435e84293a1481f6101601b81079115592c9241d8a407b088b00dc89bc08259bcd86c3e1d1d1513a1481f6101601b8167911c964726464241289e86e08e0608445006e964824028140369bd5dd10f45ba94371717151775b0067232c0270b9783c3e3636465ef4143a14812e222c02703ff2a277d0a108741d611180279017bd800e45a017088b00bc82bce86e9211e950047a81b008c043c88bae2401516262381cd6dd10c09d088b00bc85bce832914864646424994cea6e08e05a8445009e435e74875287227f4aa0a7088b00bc28168b8d8f8feb6e05da478722d0378445001e158d4683c1a0ee56a0657428027d465804e05de445c7a14311e83fc222004f232f3a453a9df6fbfd742802fd475804e075e445fb93bf91cfe74b2412ba1b027811611100c88bf6954ea7038180fc7532998ceeb6001e455804801cf2a20da90ec5783caebb2180a7111601a080bc681f742802f641580480b24824c2b7c669478722602b844500a83095a7bb151e4587226043844500a8465ed4221e8f8f8c8cd0a108d80d6111004c9017fb2993c90483c14020904ea775b7054035c2220098232ff6473c1ef7f97cd1685477430098232c02405de4c59ea243117004c2220034425eec113a1401a7202c024013e4c5eea243117016c2220034170a8566666674b7c20de850041c87b0080096048341224e27b2d96c381ca64311701cc2220058455e6c5b32991c1919894422ba1b02a065844500680179b155aa4371747474717151775b00b483b00800ad212f5a478722e002844500681979b1293a1401d7202c02403bc88b0dd0a108b809611100da445e34458722e03284450068dfd8d8d8ececacee56d885044489897428022e43580480f665b359c98bf1785c7743f4938c383232924c267537044097111601a023e445d5a1180e87e5a9d0dd1600dd475804804e79392fd2a108b81e611100bac08379910e45c023088b00d01d9eca8b742802de41580480aef1425e4ca7d37428029e425804806e72775e8c46a33e9f8f0e45c053088b00d0659217fd7ebfcb12553a9d0e0402c1603093c9e86e0b80be222c0240f749a292bcb8b0b0a0bb21dda13a14ddda5d0aa031c22200f4843bf2221d8a00088b00d02b4ecf8b742802b84b5804809e72685ea4431140096111007acb7179717676960e450025844500e839a7e445696730181c1b1ba343114009611100fac1fe79311e8ffb7cbe6834aabb2100ec85b008007d227971646424954ab5bae09dbc4f6aa8e95d695830180c0402e974baf3b5017019c22200f48f2445bfdfdf525e5431f1c68dc4f5ebf3d7ae9e935acbcb66b3ebebeb2a3276d2243a14013446580480be6a292f1693e2b9177ef46ba5ba9c9c4da7d3b76edd92c8d8495ea443118015844500e8378b795125c5ebd7e72520ee78e6579edff6cfa5e4c60bdbffd5b9f9776571097912f8b2d96c1b79910e4500161116014083a679b13629be1b1d7ef7e470292f9e3d33b3b8b8b8b2b2d26a5e9499272727e950046011611100f46890174d92e2c9e11bcb8752fff44e2e2f3e93cb8bcf3ff32fe7668f4a5e5c5e5e6e90172f5cb8f0939ffca434144e32991c1919999e9eeef9c303e016844500d0c6342f9a2645898912166bf3e2ece9230df2a24cd9ba75ebe6cd9b7ffef39fcbed70383c3a3a2af3f7fd81027030c22200e8549517ebf529def8a777966f1ebf79f3f88d7c6ab4981727262606f224326edbb62d1289e87ba0009c8ab008009aa9bc78b77e9fa2d4cd7c5254a5ba189be6c50b172e0c143df2c823cf3cf38cee070ac091088b00600b75cf3ee793e272b1d46d7556fadd68ddbcb8b6b6b675ebd60183a79e7a8acf3e036803611100f433498aef3d653cfb7cd390144b793177fde27b4f99e6c5f1f1f1471e79e4073ff8c10b2fbcb063c78e9d3b773efdf4d33e9f4ff70305e03c844500d0ac362946df7df2fa8d0337520756d24772b5724c2ab57254fd5aba213348c9ccb579717070706060606464c4eff74f4d4d4d4f4f27128936be691000088b00a0536d523c71f2b1c5a5b7a56ea40ee76af950e18659a93965118b9f8f068056111601409bdaa478f4d8e08757f7487df4d19bafbffc3fcbc4f0cfffd3f5a5fdd7ae57944c94bb6406996d213fbf2c485e04d00b844500d0a336291e3bb2e9f2a5d0e52b6f5cbafc53951455ed7df33e4984a5925f4b77c96c3273f2c3dc52b238791140d71116014083daa478f8c823c9cbbb1397764bf27beda5df2ac5c1425e0cfd814cbf78392437aaee9299e52eb5acac84bc08a0bb088b00d06fb549f1d03bff703e312625814faa2a0eaadaf3e6ef4b99de75e1e2c4854b13f1f3afc81a6455e445005d44580480beaa4d8a07f67ffb4c3c70f6cccb92f654bdf5d3df350d85a6253397163c1b0fc8aa6485e44500dd42580480fe5149f1c68d7386a4f8d007732f489dc9e7bc52bd19bcd74a5294d9ce9cd9595ef0cc4eb5b6dabcb8b2b22279717d7d5d1aa0fb6900e024844500e81f098b376e248c493176ea39a90fe6fc52a7e65efce0cc8ed3732f9e3e93ab37277ebb49529cf8edd9332fe6963db3437eca82b99f675e54eb7c3bfc50292fcecd1e95bc984ea7d7d6d6242fea7e1a003809611100faa770027afbbf92a428612e766abbd4e9d32f48c54e8f4aa91ba55f43bbffaf7a4951ee32ce5cb5a05ab3ca8ba3be7ff1debb07af5cb9924aa56eddba95cd66753f0d009c84b00800fd2361f1dad5732a2c1ed8ff6dd50578facc8baa4f516af6cc8b85cec239ff6cc3ce45b94b16544ba99e45d52b99fb59ec5c5427a3252c1e9fd977e1c28552e7a2eea7018093101601a07f4a61b1f421687589e1d978407d36e56c2b972de62e58cc2f72b67241b5ced2c7a2252c1e3bf68b73e7ce5dbd7a75656585b008a0258445003d333731b0fdd092ee56d88a8445c96a9793b3cf3ff32ff35713fef3770e3fac125ee913cd2d7d20daf85168e307a265b5a5a478f0c01bb1588cb008a03d8445003d531516e5d7818189398d0dd24f85c5743a7d6efedd525e3c7ce491f389b1dc28899772c325262eedae379e62bdf1172f5c9cc82d2b3ff3833596beca4592e2d454f0c489131f7cf001a7a101b487b00878d0d2a1ed7d096de5b098dbe2c0f68989fe6cd7961616166666662626265e7ffdf55bb76ea552a9b367664a79f1e8b1c14b9777272fefbe7839f7352da6a1706fe80f6abfbe4555ee1b5c8a5fe252fa9268498a6fbf3d71f4e8d1582c168fc7f9800b80f61016010fea7f58ecef76ed2193c948449b9a9af2fbfd9b376f1e1919098542274f9e5c5a5a529d8b8b8b8b73b3474b79f1c4c9c754e65bb8bac7f8c5d03b2abf1edaf8c5d03b8a5f0ffde1d53d97afbc21252ba94a8aefbdf7ded9b36793c92443e700680f6111f09cdcc960a590e4e6ca53ea66b9f23cc5f8974f8287262a2756ad6dc06b6151751f0683419fcf373838180804242c26128952679e1a945be29a44c99595150970b3a78f94f262f4e41312fba43efae84d635e0cfffc3f5dbbbefffad2fe85a529b921bf1a93a2ccac9692c56b93e29933672e5dbac4a0dc00da4658043cc818da72d9ae9ce872bfd5c639630f616959c31588b9696a868ae52b577dd795615152a064414984920b251daaeec368342ae1acde222a2fca8212dd969797abf3e289a71697de96ba766dafca8b120d6fa40e5795ca8b3283cca6e697051b2445beee0f40db088b800719429b9533c5957d85c5eec2aa045933cde2ca1d48b297c4410985120d376fdeecf7fb252cc6e371496316d7d0382fbef7ded3375207a4522b47a556d247a40ab7578ea95f7395bf7dfdc601295984a408a047088b8007350e8b35a3dd988f80e3a1b058d57de8f3f982c1e0ccccccc2c242dbeb6c9c17df7f7fdb8de54352cb378fabba59fc79b3785b2af54fefc83c3233491140ef1016010f6a781ada3c171a4f2eab9b6661b1624ef50968a786c5542a158bc5262727474747dbeb3e6cca7a5e2ca543e3ed1b2445007d415804bc289fe35af9804b6101e31ca661b1f29330872a87ce1968ba19cd1289442412191b1b1b1a1a1a1e1e1e1f1f9f9e9e4e2693bddb62d3bc98eb3bfca7776e56f62ce692e2f221b98ba408a00f088b00bccbd87d2811d6eff787c3e1d9d9d9743addb73658e95f945c68ec59543d8e244500fd415804e02dc964727a7a7a7c7c7c38af0fdd874db59417498a00fa8cb008c0e5d2e9f4ecec6c381cf6fbfd030303a3a3a3939393b1582c954ae96e5a99c5bcc8d96700fd475804e0420b0b0ba5eec3a1a1a1b1b1b1482492482474b7ab112bd72f921401f41f6111801bd47eb79e0dbb0f9b6a9a17498a00fa8fb008c0a99a7eb79e1335ce8ba5a4383515242902e80fc22200c7902454d57dd8f4bbf59ca85e5e948ca8eae081374e9c38118bc5ce9e3d4b5204d06b844500b656f5dd7aeee83e6caa362fcecd1e7defdd83c767f61d3bf60b89891f7cf081e4e66432495204d06b844500f6d28befd67322635e5c5959915078e5ca950b172e9ccb931bf2ab4c94bb488a007a8ab00840bf542a65ec3eecc577eb3991312fa6d3697996241d5ecd931bf2ab4c242902e835c222003daabe5bcf9bdd874da9bcb8bebebeb6b676ebd62d49872b7972437e958972174911404f111601f4891dbe5bcf894a79319bcdae19c8af2445007d405804d043eabbf54add8776f86e3d00404b088b404fdca94377bb7acef4bbf5e83e0400e7222c02dda1b2e02779ea8ce1ed1aa5f386ead4a16bb2a3ea3e74d677eb01002c222c029d2ac544c982abcb2be78e9d88fd626aff8f5f9c7a76872af9f5ece1a3a9a5ebababab994ce6e38f3f56c1d1b991517db75e55f7a1e3be5b0f0060056111685f29264a467ce727bb46ffe42ffef6bffbb5bff9a5ffdeb4e4ae677fff4f25445ebd72259d4e4b7094d4e8a0c858fbdd7a741f02801710168136a99828816fead91ddffdc26f1a43e163ffebff31fc1f7f2ff0175f93921bf2ab3144cacc933fdcbe746db13632ea7e4c1554f7a1ebbf5b0f00d018611168874a8a573e98fbfe6ffd071501ffee57fff58e3f7be0bd9fbc2c096bfdd2a5aa9289275fdc29339452e3a6dffcf71f1c7ce7faf5eb6a5ce5dbb76fdb212faaefd633761f7ae1bbf500000d10168196a9a4f8ee1b932af93df8cbffc3d87ffdff52d1776b33626dc96c81bff89a2ca2fa20f7bffccab56bd7969797575757b5e445d3efd6a3fb1000504258045a534a8a2af07dffb7fec39503112b31d158c9a9039b7ef3dfaba0b9efc59717161652a954dff2a2ea3ee4bbf500005610168116a8a418fbc5944a8acffefe9f9a9e74b652b2a0efde3f527971ffcbaff43a2f96be5bafd47dc877eb0100ac202c025695ae53fcf6e7be28216ff83ffedeed0b17da4b8aaa64f127befc1575bde3c9fd07bb9b17eb7db71edd87008096101601ab24bd49d252a78f07bef4bfdcfce003d30878edc8b1a92d4f3cfbfb7fbaedcb5f5115f88baf1df58d98ce2c2b19f8e26fa9159e999bbb7af5eaf2f2b26c259bcdd6864599383131b173e7ce7a1f3729751ff2dd7a00806e212c0296a86ec53d4f6c9360f7cdffe65f985ea728c94f7261bd7116bffdb92f4a88ac5d4a56252b94197ef28f8f4adabb76ed5a3a9dfef8e38fab3a172f5cb8b075ebd6818181279f7cb294ff4adfad57d57dc877eb0100ba85b00858a246de5627a07ff6b7ff509bf92e85a7d4bd8debd9dfffd3da2ec9896ffc9d3a19fdfec993b2a6ebd773dff5a2065fbc5bec501c287ae69967c6c6c6aabe5b8fee4300408ffcfff6d12ad43d02d1bb0000000049454e44ae426082, 260012, 'fr/llama/server/process/llama_shipment.png'),
(260014, 0, 0x3c3f786d6c2076657273696f6e3d22312e302220656e636f64696e673d225554462d38223f3e0a0a3c70726f63657373206e616d653d226c6c616d615f736869706d656e742220786d6c6e733d22687474703a2f2f6a62706d2e6f72672f342e342f6a70646c223e0d0a2020203c737461727420673d223135362c352c36312c343522206e616d653d22737461727431223e0d0a2020202020203c7472616e736974696f6e20673d222d3131302c2d323222206e616d653d22746f2067656e6572617465206f726465722220746f3d2267656e6572617465206f72646572222f3e0d0a2020203c2f73746172743e0d0a2020203c656e6420673d223236342c3533322c36302c313722206e616d653d22656e6431222f3e0d0a2020203c7461736b2061737369676e65653d226c6c616d612073656c6563746f7220312220673d223134322c3138352c3330372c333822206e616d653d2273656c656374206c6c616d612066726f6d206661726d223e0d0a2020202020203c7472616e736974696f6e20673d222d3230362c2d323222206e616d653d22746f2073686970206c6c616d6120746f20646973747269627574696f6e2063656e7465722220746f3d2273686970206c6c616d6120746f20646973747269627574696f6e2063656e746572222f3e0d0a2020203c2f7461736b3e0d0a2020203c7461736b2061737369676e65653d2264726976657220322220673d223539382c3332352c3237302c333922206e616d653d2273686970206c6c616d617320746f20637573746f6d6572223e0d0a2020202020203c7472616e736974696f6e20673d222d37392c2d323222206e616d653d22746f206578636c7573697665312220746f3d22776861742069732074686520726573756c743f222f3e0d0a2020203c2f7461736b3e0d0a2020203c7461736b2061737369676e65653d2264726976657220312220673d223133302c3331372c3338312c353222206e616d653d2273686970206c6c616d6120746f20646973747269627574696f6e2063656e746572223e0d0a2020202020203c7472616e736974696f6e20673d222d3233352c2d323222206e616d653d22746f2073656c656374206c6c616d612066726f6d20646973747269627574696f6d2063656e7465722220746f3d2273656c656374206c6c616d612066726f6d20646973747269627574696f6d2063656e746572222f3e0d0a2020203c2f7461736b3e0d0a2020203c6465636973696f6e20657870723d22237b726573756c743e303f27746f20656e6431273a27746f2073686970206c6c616d6120746f20646973747269627574696f6e2063656e746572277d2220673d223436322c3438372c34382c343822206e616d653d22776861742069732074686520726573756c743f223e0d0a2020202020203c7472616e736974696f6e20673d222d35302c2d323222206e616d653d22746f20656e64312220746f3d22656e6431222f3e0d0a2020202020203c7472616e736974696f6e20673d222d3230362c2d323222206e616d653d22746f2073686970206c6c616d6120746f20646973747269627574696f6e2063656e7465722220746f3d2273686970206c6c616d6120746f20646973747269627574696f6e2063656e746572222f3e0d0a2020203c2f6465636973696f6e3e0d0a2020203c7461736b2061737369676e65653d226f72646572206d616e616765722220673d2238392c39332c3139382c333822206e616d653d2267656e6572617465206f72646572223e0d0a2020202020203c7472616e736974696f6e20673d222d3135322c2d323222206e616d653d22746f2073656c656374206c6c616d612066726f6d206661726d2220746f3d2273656c656374206c6c616d612066726f6d206661726d222f3e0d0a2020203c2f7461736b3e0d0a2020203c7461736b2061737369676e65653d226c6c616d612073656c6563746f7220322220673d223530312c3138312c3336332c343822206e616d653d2273656c656374206c6c616d612066726f6d20646973747269627574696f6d2063656e746572223e0d0a2020202020203c7472616e736974696f6e20673d222d3136302c2d323222206e616d653d22746f2073686970206c6c616d617320746f20637573746f6d65722220746f3d2273686970206c6c616d617320746f20637573746f6d6572222f3e0d0a2020203c2f7461736b3e0d0a3c2f70726f636573733e, 260012, 'fr/llama/server/process/llama_shipment.jpdl.xml');

-- --------------------------------------------------------

--
-- Structure de la table `jbpm4_participation`
--

CREATE TABLE IF NOT EXISTS `jbpm4_participation` (
  `DBID_` bigint(20) NOT NULL,
  `DBVERSION_` int(11) NOT NULL,
  `GROUPID_` varchar(255) DEFAULT NULL,
  `USERID_` varchar(255) DEFAULT NULL,
  `TYPE_` varchar(255) DEFAULT NULL,
  `TASK_` bigint(20) DEFAULT NULL,
  `SWIMLANE_` bigint(20) DEFAULT NULL,
  PRIMARY KEY (`DBID_`),
  KEY `FK_PART_TASK` (`TASK_`),
  KEY `FK_PART_SWIMLANE` (`SWIMLANE_`)
) ENGINE=InnoDB DEFAULT CHARSET=latin1;

-- --------------------------------------------------------

--
-- Structure de la table `jbpm4_property`
--

CREATE TABLE IF NOT EXISTS `jbpm4_property` (
  `KEY_` varchar(255) NOT NULL,
  `VERSION_` int(11) NOT NULL,
  `VALUE_` varchar(255) DEFAULT NULL,
  PRIMARY KEY (`KEY_`)
) ENGINE=InnoDB DEFAULT CHARSET=latin1;

--
-- Contenu de la table `jbpm4_property`
--

INSERT INTO `jbpm4_property` (`KEY_`, `VERSION_`, `VALUE_`) VALUES
('next.dbid', 28, '280001');

-- --------------------------------------------------------

--
-- Structure de la table `jbpm4_swimlane`
--

CREATE TABLE IF NOT EXISTS `jbpm4_swimlane` (
  `DBID_` bigint(20) NOT NULL,
  `DBVERSION_` int(11) NOT NULL,
  `NAME_` varchar(255) DEFAULT NULL,
  `ASSIGNEE_` varchar(255) DEFAULT NULL,
  `EXECUTION_` bigint(20) DEFAULT NULL,
  PRIMARY KEY (`DBID_`),
  KEY `FK_SWIMLANE_EXEC` (`EXECUTION_`)
) ENGINE=InnoDB DEFAULT CHARSET=latin1;

-- --------------------------------------------------------

--
-- Structure de la table `jbpm4_task`
--

CREATE TABLE IF NOT EXISTS `jbpm4_task` (
  `DBID_` bigint(20) NOT NULL,
  `CLASS_` char(1) NOT NULL,
  `DBVERSION_` int(11) NOT NULL,
  `NAME_` varchar(255) DEFAULT NULL,
  `DESCR_` longtext,
  `STATE_` varchar(255) DEFAULT NULL,
  `SUSPHISTSTATE_` varchar(255) DEFAULT NULL,
  `ASSIGNEE_` varchar(255) DEFAULT NULL,
  `FORM_` varchar(255) DEFAULT NULL,
  `PRIORITY_` int(11) DEFAULT NULL,
  `CREATE_` datetime DEFAULT NULL,
  `DUEDATE_` datetime DEFAULT NULL,
  `PROGRESS_` int(11) DEFAULT NULL,
  `SIGNALLING_` bit(1) DEFAULT NULL,
  `EXECUTION_ID_` varchar(255) DEFAULT NULL,
  `ACTIVITY_NAME_` varchar(255) DEFAULT NULL,
  `HASVARS_` bit(1) DEFAULT NULL,
  `SUPERTASK_` bigint(20) DEFAULT NULL,
  `EXECUTION_` bigint(20) DEFAULT NULL,
  `PROCINST_` bigint(20) DEFAULT NULL,
  `SWIMLANE_` bigint(20) DEFAULT NULL,
  `TASKDEFNAME_` varchar(255) DEFAULT NULL,
  PRIMARY KEY (`DBID_`),
  KEY `FK_TASK_SUPERTASK` (`SUPERTASK_`),
  KEY `FK_TASK_SWIML` (`SWIMLANE_`)
) ENGINE=InnoDB DEFAULT CHARSET=latin1;

--
-- Contenu de la table `jbpm4_task`
--

INSERT INTO `jbpm4_task` (`DBID_`, `CLASS_`, `DBVERSION_`, `NAME_`, `DESCR_`, `STATE_`, `SUSPHISTSTATE_`, `ASSIGNEE_`, `FORM_`, `PRIORITY_`, `CREATE_`, `DUEDATE_`, `PROGRESS_`, `SIGNALLING_`, `EXECUTION_ID_`, `ACTIVITY_NAME_`, `HASVARS_`, `SUPERTASK_`, `EXECUTION_`, `PROCINST_`, `SWIMLANE_`, `TASKDEFNAME_`) VALUES
(260026, 'T', 1, 'ship llama to distribution center', NULL, 'open', NULL, 'driver 1', NULL, 0, '2014-12-11 14:35:28', NULL, NULL, b'1', 'llama_shipment.260019', 'ship llama to distribution center', b'0', NULL, 260019, 260019, NULL, 'ship llama to distribution center'),
(270005, 'T', 1, 'select llama from farm', NULL, 'open', NULL, 'llama selector 1', NULL, 0, '2014-12-11 15:52:18', NULL, NULL, b'1', 'llama_shipment.270001', 'select llama from farm', b'0', NULL, 270001, 270001, NULL, 'select llama from farm');

-- --------------------------------------------------------

--
-- Structure de la table `jbpm4_variable`
--

CREATE TABLE IF NOT EXISTS `jbpm4_variable` (
  `DBID_` bigint(20) NOT NULL,
  `CLASS_` varchar(255) NOT NULL,
  `DBVERSION_` int(11) NOT NULL,
  `KEY_` varchar(255) DEFAULT NULL,
  `CONVERTER_` varchar(255) DEFAULT NULL,
  `HIST_` bit(1) DEFAULT NULL,
  `EXECUTION_` bigint(20) DEFAULT NULL,
  `TASK_` bigint(20) DEFAULT NULL,
  `LOB_` bigint(20) DEFAULT NULL,
  `DATE_VALUE_` datetime DEFAULT NULL,
  `DOUBLE_VALUE_` double DEFAULT NULL,
  `CLASSNAME_` varchar(255) DEFAULT NULL,
  `LONG_VALUE_` bigint(20) DEFAULT NULL,
  `STRING_VALUE_` varchar(255) DEFAULT NULL,
  `TEXT_VALUE_` longtext,
  `EXESYS_` bigint(20) DEFAULT NULL,
  PRIMARY KEY (`DBID_`),
  KEY `FK_VAR_LOB` (`LOB_`),
  KEY `FK_VAR_EXESYS` (`EXESYS_`),
  KEY `FK_VAR_TASK` (`TASK_`),
  KEY `FK_VAR_EXECUTION` (`EXECUTION_`)
) ENGINE=InnoDB DEFAULT CHARSET=latin1;

--
-- Contenu de la table `jbpm4_variable`
--

INSERT INTO `jbpm4_variable` (`DBID_`, `CLASS_`, `DBVERSION_`, `KEY_`, `CONVERTER_`, `HIST_`, `EXECUTION_`, `TASK_`, `LOB_`, `DATE_VALUE_`, `DOUBLE_VALUE_`, `CLASSNAME_`, `LONG_VALUE_`, `STRING_VALUE_`, `TEXT_VALUE_`, `EXESYS_`) VALUES
(260025, 'long', 0, 'result', 'int-long', b'0', 260019, NULL, NULL, NULL, NULL, NULL, 1, NULL, NULL, NULL),
(270004, 'long', 0, 'result', 'int-long', b'0', 270001, NULL, NULL, NULL, NULL, NULL, 1, NULL, NULL, NULL);

-- --------------------------------------------------------

--
-- Structure de la table `play_evolutions`
--

CREATE TABLE IF NOT EXISTS `play_evolutions` (
  `id` int(11) NOT NULL,
  `hash` varchar(255) NOT NULL,
  `applied_at` timestamp NOT NULL,
  `apply_script` text,
  `revert_script` text,
  `state` varchar(255) DEFAULT NULL,
  `last_problem` text,
  PRIMARY KEY (`id`)
) ENGINE=InnoDB DEFAULT CHARSET=latin1;

--
-- Contenu de la table `play_evolutions`
--

INSERT INTO `play_evolutions` (`id`, `hash`, `applied_at`, `apply_script`, `revert_script`, `state`, `last_problem`) VALUES
(1, '4e94ecf145190753d9865862076c4a545770c364', '2014-12-15 16:00:00', 'create table bill (\nid                        bigint auto_increment not null,\nuser_id                   bigint,\nuser_login                varchar(255),\nshipment_address          varchar(255),\nbuyer_name                varchar(255),\ndate                      datetime,\ntotal                     float,\nconstraint pk_bill primary key (id))\n;\n\ncreate table bill_line (\nid                        bigint auto_increment not null,\nproduct_id                bigint,\nproduct_name              varchar(255),\nquantity                  integer,\nproduct_price             float,\nbill_id                   bigint,\nconstraint pk_bill_line primary key (id))\n;\n\ncreate table comment (\nid                        bigint auto_increment not null,\nuser_id                   bigint,\nuser_login                varchar(255),\ntext                      varchar(255),\nrating                    float,\ndate                      datetime,\nproduct_id                bigint,\nconstraint pk_comment primary key (id))\n;\n\ncreate table product (\nid                        bigint auto_increment not null,\nname                      varchar(255),\ndescription               varchar(255),\nprice                     float,\nquantity                  integer,\nconstraint pk_product primary key (id))\n;\n\ncreate table user (\nid                        bigint auto_increment not null,\nmail                      varchar(255),\nlogin                     varchar(255),\npassword                  varchar(255),\nis_admin                  integer,\nconstraint pk_user primary key (id))\n;\n\n\ncreate table bill_bill_line (\nbill_id                        bigint not null,\nbill_line_id                   bigint not null,\nconstraint pk_bill_bill_line primary key (bill_id, bill_line_id))\n;\nalter table comment add constraint fk_comment_product_1 foreign key (product_id) references product (id) on delete restrict on update restrict;\ncreate index ix_comment_product_1 on comment (product_id);\n\n\n\nalter table bill_bill_line add constraint fk_bill_bill_line_bill_01 foreign key (bill_id) references bill (id) on delete restrict on update restrict;\n\nalter table bill_bill_line add constraint fk_bill_bill_line_bill_line_02 foreign key (bill_line_id) references bill_line (id) on delete restrict on update restrict;', 'SET FOREIGN_KEY_CHECKS=0;\n\ndrop table bill;\n\ndrop table bill_bill_line;\n\ndrop table bill_line;\n\ndrop table comment;\n\ndrop table product;\n\ndrop table user;\n\nSET FOREIGN_KEY_CHECKS=1;', 'applied', '');

-- --------------------------------------------------------

--
-- Structure de la table `product`
--

CREATE TABLE IF NOT EXISTS `product` (
  `id` bigint(20) NOT NULL AUTO_INCREMENT,
  `name` varchar(255) DEFAULT NULL,
  `description` varchar(255) DEFAULT NULL,
  `price` float DEFAULT NULL,
  `quantity` int(11) DEFAULT NULL,
  PRIMARY KEY (`id`)
) ENGINE=InnoDB  DEFAULT CHARSET=latin1 AUTO_INCREMENT=14 ;

--
-- Contenu de la table `product`
--

INSERT INTO `product` (`id`, `name`, `description`, `price`, `quantity`) VALUES
(1, '‘White small angora llama (female)’', 'White angora llama, head shaved. There are 2 females. They are part of the same scope. They were born in 2012-02.', 360, 2),
(2, 'White small angora llama (male)', 'White angora llama, head shaved. There are 1 male. He is part of the same scope of two females. He was born in 2012-02.', 320, 1),
(3, 'White tall angora llama (female)', 'White tall angora llama, head shaved. There are 5 females. They are part of 2 different scopes: Both mothers are sisters. They were born in 2013-02.', 390, 5),
(4, 'White tall angora llama (male)', 'White tall angora llama, head shaved. There are 2 males. They are part of 2 different scopes: Both mothers are sisters. They were born in 2013-02.', 360, 2),
(5, 'Brown/Black tall angora llama (female)', 'Brown tall angora llama white black head and white legs. There are 2 females, sisters, born in 2014-01. It is a rare specie. Wool highly sought because resistant and warm.', 520, 2),
(6, 'Brown/Black tall angora llama (male)', 'Brown tall angora llama white black head and white legs. There are 3 males, brothers, born in 2014-01. It is a rare specie. Wool highly sought because resistant and warm.', 500, 3),
(7, 'White/Brown llama (female)', 'White llama white brown points. There are 2 females. They are part of the same scope. They were born in 2013-08', 300, 2),
(8, 'White/Brown llama (male)', 'White llama white brown points. There are 1 male. He was born in 2013-08', 270, 1),
(9, 'White/Beige llama (female)', 'llama white beige body and white head. There are 2 females. They are part of the same scope. They were born in 2013-06. It is specie with a lot of stamina.', 350, 2),
(10, 'White/Beige llama (male)', 'llama white beige body and white head. There are 3 females. They are part of the same scope. They were born in 2013-06. It is specie with a lot of stamina.', 350, 3),
(11, 'White llama (female)', 'White llama with short fur. There is only 1 female yet, born in 2013-11', 420, 1),
(12, 'Tricolor llama (female)', 'Tricolor llama: the body is black with brown and white points. There are 2 females. They were born in 2013-03, 2013-05', 360, 2),
(13, 'Tricolor llama (male)', 'Tricolor llama: the body is black with brown and white points. There are 1 male. He was born in 2013-06', 320, 1);

-- --------------------------------------------------------

--
-- Structure de la table `user`
--

CREATE TABLE IF NOT EXISTS `user` (
  `id` bigint(20) NOT NULL AUTO_INCREMENT,
  `mail` varchar(255) DEFAULT NULL,
  `login` varchar(255) DEFAULT NULL,
  `password` varchar(255) DEFAULT NULL,
  `is_admin` int(11) DEFAULT NULL,
  PRIMARY KEY (`id`)
) ENGINE=InnoDB  DEFAULT CHARSET=latin1 AUTO_INCREMENT=2 ;

--
-- Contenu de la table `user`
--

INSERT INTO `user` (`id`, `mail`, `login`, `password`, `is_admin`) VALUES
(1, 'jerome.bonini@epitech.eu', 'SisiGros', 'd033e22ae348aeb5660fc2140aec35850c4da997', 1);

--
-- Contraintes pour les tables exportées
--

--
-- Contraintes pour la table `bill_bill_line`
--
ALTER TABLE `bill_bill_line`
  ADD CONSTRAINT `fk_bill_bill_line_bill_line_02` FOREIGN KEY (`bill_line_id`) REFERENCES `bill_line` (`id`),
  ADD CONSTRAINT `fk_bill_bill_line_bill_01` FOREIGN KEY (`bill_id`) REFERENCES `bill` (`id`);

--
-- Contraintes pour la table `comment`
--
ALTER TABLE `comment`
  ADD CONSTRAINT `fk_comment_product_1` FOREIGN KEY (`product_id`) REFERENCES `product` (`id`);

--
-- Contraintes pour la table `jbpm4_deployprop`
--
ALTER TABLE `jbpm4_deployprop`
  ADD CONSTRAINT `FK_DEPLPROP_DEPL` FOREIGN KEY (`DEPLOYMENT_`) REFERENCES `jbpm4_deployment` (`DBID_`);

--
-- Contraintes pour la table `jbpm4_execution`
--
ALTER TABLE `jbpm4_execution`
  ADD CONSTRAINT `FK_EXEC_INSTANCE` FOREIGN KEY (`INSTANCE_`) REFERENCES `jbpm4_execution` (`DBID_`),
  ADD CONSTRAINT `FK_EXEC_PARENT` FOREIGN KEY (`PARENT_`) REFERENCES `jbpm4_execution` (`DBID_`),
  ADD CONSTRAINT `FK_EXEC_SUBPI` FOREIGN KEY (`SUBPROCINST_`) REFERENCES `jbpm4_execution` (`DBID_`),
  ADD CONSTRAINT `FK_EXEC_SUPEREXEC` FOREIGN KEY (`SUPEREXEC_`) REFERENCES `jbpm4_execution` (`DBID_`);

--
-- Contraintes pour la table `jbpm4_hist_actinst`
--
ALTER TABLE `jbpm4_hist_actinst`
  ADD CONSTRAINT `FK_HACTI_HPROCI` FOREIGN KEY (`HPROCI_`) REFERENCES `jbpm4_hist_procinst` (`DBID_`),
  ADD CONSTRAINT `FK_HTI_HTASK` FOREIGN KEY (`HTASK_`) REFERENCES `jbpm4_hist_task` (`DBID_`);

--
-- Contraintes pour la table `jbpm4_hist_detail`
--
ALTER TABLE `jbpm4_hist_detail`
  ADD CONSTRAINT `FK_HDETAIL_HACTI` FOREIGN KEY (`HACTI_`) REFERENCES `jbpm4_hist_actinst` (`DBID_`),
  ADD CONSTRAINT `FK_HDETAIL_HPROCI` FOREIGN KEY (`HPROCI_`) REFERENCES `jbpm4_hist_procinst` (`DBID_`),
  ADD CONSTRAINT `FK_HDETAIL_HTASK` FOREIGN KEY (`HTASK_`) REFERENCES `jbpm4_hist_task` (`DBID_`),
  ADD CONSTRAINT `FK_HDETAIL_HVAR` FOREIGN KEY (`HVAR_`) REFERENCES `jbpm4_hist_var` (`DBID_`);

--
-- Contraintes pour la table `jbpm4_hist_task`
--
ALTER TABLE `jbpm4_hist_task`
  ADD CONSTRAINT `FK_HSUPERT_SUB` FOREIGN KEY (`SUPERTASK_`) REFERENCES `jbpm4_hist_task` (`DBID_`);

--
-- Contraintes pour la table `jbpm4_hist_var`
--
ALTER TABLE `jbpm4_hist_var`
  ADD CONSTRAINT `FK_HVAR_HPROCI` FOREIGN KEY (`HPROCI_`) REFERENCES `jbpm4_hist_procinst` (`DBID_`),
  ADD CONSTRAINT `FK_HVAR_HTASK` FOREIGN KEY (`HTASK_`) REFERENCES `jbpm4_hist_task` (`DBID_`);

--
-- Contraintes pour la table `jbpm4_id_group`
--
ALTER TABLE `jbpm4_id_group`
  ADD CONSTRAINT `FK_GROUP_PARENT` FOREIGN KEY (`PARENT_`) REFERENCES `jbpm4_id_group` (`DBID_`);

--
-- Contraintes pour la table `jbpm4_id_membership`
--
ALTER TABLE `jbpm4_id_membership`
  ADD CONSTRAINT `FK_MEM_GROUP` FOREIGN KEY (`GROUP_`) REFERENCES `jbpm4_id_group` (`DBID_`),
  ADD CONSTRAINT `FK_MEM_USER` FOREIGN KEY (`USER_`) REFERENCES `jbpm4_id_user` (`DBID_`);

--
-- Contraintes pour la table `jbpm4_job`
--
ALTER TABLE `jbpm4_job`
  ADD CONSTRAINT `FK_JOB_CFG` FOREIGN KEY (`CFG_`) REFERENCES `jbpm4_lob` (`DBID_`);

--
-- Contraintes pour la table `jbpm4_lob`
--
ALTER TABLE `jbpm4_lob`
  ADD CONSTRAINT `FK_LOB_DEPLOYMENT` FOREIGN KEY (`DEPLOYMENT_`) REFERENCES `jbpm4_deployment` (`DBID_`);

--
-- Contraintes pour la table `jbpm4_participation`
--
ALTER TABLE `jbpm4_participation`
  ADD CONSTRAINT `FK_PART_SWIMLANE` FOREIGN KEY (`SWIMLANE_`) REFERENCES `jbpm4_swimlane` (`DBID_`),
  ADD CONSTRAINT `FK_PART_TASK` FOREIGN KEY (`TASK_`) REFERENCES `jbpm4_task` (`DBID_`);

--
-- Contraintes pour la table `jbpm4_swimlane`
--
ALTER TABLE `jbpm4_swimlane`
  ADD CONSTRAINT `FK_SWIMLANE_EXEC` FOREIGN KEY (`EXECUTION_`) REFERENCES `jbpm4_execution` (`DBID_`);

--
-- Contraintes pour la table `jbpm4_task`
--
ALTER TABLE `jbpm4_task`
  ADD CONSTRAINT `FK_TASK_SUPERTASK` FOREIGN KEY (`SUPERTASK_`) REFERENCES `jbpm4_task` (`DBID_`),
  ADD CONSTRAINT `FK_TASK_SWIML` FOREIGN KEY (`SWIMLANE_`) REFERENCES `jbpm4_swimlane` (`DBID_`);

--
-- Contraintes pour la table `jbpm4_variable`
--
ALTER TABLE `jbpm4_variable`
  ADD CONSTRAINT `FK_VAR_EXECUTION` FOREIGN KEY (`EXECUTION_`) REFERENCES `jbpm4_execution` (`DBID_`),
  ADD CONSTRAINT `FK_VAR_EXESYS` FOREIGN KEY (`EXESYS_`) REFERENCES `jbpm4_execution` (`DBID_`),
  ADD CONSTRAINT `FK_VAR_LOB` FOREIGN KEY (`LOB_`) REFERENCES `jbpm4_lob` (`DBID_`),
  ADD CONSTRAINT `FK_VAR_TASK` FOREIGN KEY (`TASK_`) REFERENCES `jbpm4_task` (`DBID_`);

/*!40101 SET CHARACTER_SET_CLIENT=@OLD_CHARACTER_SET_CLIENT */;
/*!40101 SET CHARACTER_SET_RESULTS=@OLD_CHARACTER_SET_RESULTS */;
/*!40101 SET COLLATION_CONNECTION=@OLD_COLLATION_CONNECTION */;
