<?xml version="1.0" encoding="UTF-8"?><site pack200="true">	<description>To install these features, point Eclipse at this site.</description>

	<!-- jBPM jPDL4 N201007071649 -->
	<category-def label="jBPM jPDL4 N201007071649" name="jBPM jPDL4 N201007071649">
		<description>jBPM jPDL4 N201007071649: contains all features in this build.</description>
	</category-def>
	<feature id="org.jboss.tools.flow.common.feature" version="4.0.0.v201007071649-5--7w31211818275A" url="features/org.jboss.tools.flow.common.feature_4.0.0.v201007071649-5--7w31211818275A.jar" patch="false">
		<category name="jBPM jPDL4 N201007071649"/>
	</feature>
	<feature id="org.jboss.tools.flow.common.source.feature" version="4.0.0.v201007071649-5--7w31211818275A" url="features/org.jboss.tools.flow.common.source.feature_4.0.0.v201007071649-5--7w31211818275A.jar" patch="false">
		<category name="jBPM jPDL4 N201007071649"/>
	</feature>
	<feature id="org.jboss.tools.flow.jpdl4.feature" version="4.0.0.v201007071649-795-8s73533H3H5FBL" url="features/org.jboss.tools.flow.jpdl4.feature_4.0.0.v201007071649-795-8s73533H3H5FBL.jar" patch="false">
		<category name="jBPM jPDL4 N201007071649"/>
	</feature>
	<feature id="org.jboss.tools.flow.jpdl4.source.feature" version="4.0.0.v201007071649-795-8s73533H3H5FBL" url="features/org.jboss.tools.flow.jpdl4.source.feature_4.0.0.v201007071649-795-8s73533H3H5FBL.jar" patch="false">
		<category name="jBPM jPDL4 N201007071649"/>
	</feature>
	<feature id="org.jboss.tools.jbpm.common.feature" version="4.3.0.v201007071649-52-7w31211818275A" url="features/org.jboss.tools.jbpm.common.feature_4.3.0.v201007071649-52-7w31211818275A.jar" patch="false">
		<category name="jBPM jPDL4 N201007071649"/>
	</feature>
	<feature id="org.jboss.tools.jbpm.common.source.feature" version="4.3.0.v201007071649-52-7w31211818275A" url="features/org.jboss.tools.jbpm.common.source.feature_4.3.0.v201007071649-52-7w31211818275A.jar" patch="false">
		<category name="jBPM jPDL4 N201007071649"/>
	</feature>
	<feature id="org.jboss.tools.jbpm4.feature" version="4.0.0.v201007071649-7D2-7MF8K21ECCAOOOQOU_M" url="features/org.jboss.tools.jbpm4.feature_4.0.0.v201007071649-7D2-7MF8K21ECCAOOOQOU_M.jar" patch="false">
		<category name="jBPM jPDL4 N201007071649"/>
	</feature>
	<feature id="org.jboss.tools.jbpm4.sdk.feature" version="4.3.0.v201007071649-7H2-9xQ99ETgFlCQXjGYeYjURjn_" url="features/org.jboss.tools.jbpm4.sdk.feature_4.3.0.v201007071649-7H2-9xQ99ETgFlCQXjGYeYjURjn_.jar" patch="false">
		<category name="jBPM jPDL4 N201007071649"/>
	</feature>

</site>
